hydrogen_evolution_micromol,oxygen_evolution_micromol,P10-MIX1_to_dispense,water_to_dispense,NaCl-3M_to_dispense,PVP-1wt_to_dispense,SDS-1wt_to_dispense,Sodiumsilicate-1wt_to_dispense,AcidRed871_0gL_to_dispense,RhodamineB1_0gL_to_dispense,MethyleneB_250mgL_to_dispense,NaOH-1M_to_dispense,L-Cysteine-100gL_to_dispense,P10-MIX1_dispensed,water_dispensed,NaCl-3M_dispensed,PVP-1wt_dispensed,SDS-1wt_dispensed,Sodiumsilicate-1wt_dispensed,AcidRed871_0gL_dispensed,RhodamineB1_0gL_dispensed,MethyleneB_250mgL_dispensed,NaOH-1M_dispensed,L-Cysteine-100gL_dispensed
0.42426413,0.954849719,2,2.25,0.25,0.75,0,0,0.25,0.5,0,0,1,1.96,2.2599993,0.26896632,0.7385927,0,0,0.24071565,0.49360955,0,0,1.00276
0.181907784,0,1.4,1.5,0,0,0.75,0.25,0,0,0.5,0.25,1.75,1.39,1.5,0,0,0.72841126,0.24913824,0,0,0.4903067,0.2703151,1.72953
0.299041963,0.116827749,1.4,2,0,0.25,1.25,0.25,0,0,0.25,0.25,0.75,1.39,2.0199995,0,0.24619755,1.2544854,0.24913824,0,0,0.22013807,0.22025666,0.76356936
0.225696371,1.052965593,4.8,1.75,0.25,1,0,0,0.75,0.25,0,0.75,0.25,4.76,1.7599993,0.25103486,1.0053082,0,0,0.7422041,0.25184172,0,0.7708978,0.23918976
0.160040912,0.552805733,2,1.75,0,0.5,0.25,0,0.5,0.25,1,0.5,0.25,2,1.75,0,0.4923961,0.25292048,0,0.4914594,0.25184172,0.9806134,0.470548,0.2483896
0.151581818,1.165437939,3.8,1.25,0.75,0.25,1,0,0.25,0.5,0.75,0,0.25,3.795,1.25,0.7531054,0.24619755,0.9813317,0,0.27080473,0.48353565,0.7304568,0,0.24839048
1.020435539,0,4.4,1.75,0.25,0,0.25,0.25,0.25,0,0.25,0.75,1.25,4.375,1.75,0.26896632,0,0.25292048,0.24913824,0.26077473,0,0.22013807,0.74086213,1.2511497
0.330874485,0.762469569,2.4,1.5,0.25,0,0.25,0.75,0.25,0.5,0,1,0.5,2.4,1.5,0.25103486,0,0.23268639,0.72748417,0.26077473,0.48353565,0,0.97113067,0.4783804
0.149466224,0.396562125,1,1.5,0,0,0,0.75,0.25,0.5,0.25,1.5,0.25,0.995,1.4800005,0,0,0,0.7474147,0.2507447,0.50368345,0.24015011,1.5217718,0.2299908
0.208638067,0.669820111,1.4,1.25,1,0,0.5,0,0.25,0.25,0,1.25,0.5,1.39,1.2599993,1.0041403,0,0.48560783,0,0.24071468,0.24176878,0,1.2614677,0.48758113
0.329486788,0.617872049,2,1.5,0.5,0,0.5,0,0.5,0.25,0.5,0.75,0.5,2.01,1.5100002,0.5110363,0,0.4957239,0,0.5014894,0.24176782,0.4903067,0.7408631,0.48758024
0.510935227,0.736832197,3.2,1,1.5,0.25,0,0.5,0.5,0.75,0,0.25,0.25,3.215,1.0100002,1.5062099,0.25645602,0,0.48831168,0.4914594,0.7655991,0,0.25029135,0.2483896
2.614264814,0.647400962,3.8,0.25,0,0,0.25,4.25,0,0,0,0,0.25,3.795,0.25,0,0,0.2428044,4.2453156,0,0,0,0,0.2483896
1.290683342,0.235268644,3.4,1,0,0,0,0,0.25,2,0,0.5,1.25,3.375,1.0100002,0,0,0,0,0.27080378,1.994587,0,0.50058365,1.2327508
1.948774945,0.290400692,5,0.5,4.25,0,0,0,0,0,0,0,0.25,4.98,0.5299988,4.2586317,0,0,0,0,0,0,0,0.27599
1.167144179,0.175885573,5,3.5,0,0,0,0,0.25,0,0.25,0.25,0.75,5,3.4899998,0,0,0,0,0.24071468,0,0.23014362,0.26030323,0.73597074
0,0.35691635,5,0.5,0.5,0,0,0,0,0,3.75,0,0.25,5.02,0.48999977,0.4931048,0,0,0,0,0,3.7523491,0,0.28518897
0.203083544,0.547750155,5,1,1.5,0,0.5,0.75,0,0.75,0,0.25,0.25,5.005,0.97999954,1.5062108,0,0.47549078,0.7573805,0,0.7454513,0,0.22025666,0.2483896
0.167043319,1.132262848,5,1.5,0,0.5,0,0.75,0.25,0.75,0,1,0.25,4.99,1.5100002,0,0.4923951,0,0.72748417,0.24071468,0.7555252,0,0.9611188,0.25759032
4.874229131,0.427163778,5,1.25,1.25,0,0,0,0,0,0,0,2.5,4.995,1.2600002,1.2462102,0,0,0,0,0,0,0,2.4839013
0.842460414,0.310292052,5,0.25,0,0,0,0,0,0,0,4.5,0.25,4.985,0.24000072,0,0,0,0,0,0,0,4.495232,0.2299908
0.611415902,1.177957056,5,0.25,0,0,0,0,4.5,0,0,0,0.25,5,0.26000023,0,0,0,0,4.513405,0,0,0,0.23919064
0,0.6156638,5,0.75,0.75,0.5,0,0,0.25,0,2.5,0,0.25,5.065,0.77000046,0.7441396,0.5026536,0,0,0.26077473,0,2.5115726,0,0.23919064
1.516076179,0.06001241,5,3.5,0,0.25,0,0,0,0,0.5,0.25,0.5,5.05,3.4899998,0,0.24619755,0,0,0,0,0.48030022,0.23026854,0.48758024
0,0.071344665,5,0.5,0,0,0,0,0,0,4.25,0,0.25,4.99,0.5100002,0,0,0,0,0,0,4.2626686,0,0.23919064
2.814925956,0.351004862,5,0.5,4,0,0,0,0,0,0,0,0.5,4.98,0.5100002,3.9986293,0,0,0,0,0,0,0,0.47838128
1.000388994,0.757374049,5,2,0.75,0,0.25,0,0.25,0,0,1.25,0.5,4.97,2.0100002,0.7531054,0,0.23268734,0,0.24071468,0,0,1.2314329,0.48758024
1.658719934,0.629666496,5,0.5,0,4.25,0,0,0,0,0,0,0.25,4.97,0.51999855,0,4.246912,0,0,0,0,0,0,0.2299908
0.882000191,0.16195135,5,2.5,0.25,0.5,0,0,0.5,0,0.5,0.25,0.5,4.985,2.499999,0.25103486,0.48213762,0,0,0.5014894,0,0.49030766,0.23026758,0.47838128
5.123514471,0.269499358,5,0.25,0,0,0,0,0,0,0,0,4.75,4.985,0.25,0,0,0,0,0,0,0,0,4.72861
0.723724318,0.392128508,5,0.5,0,0,0,0,0,0,0,4.25,0.25,5.005,0.5099993,0,0,0,0,0,0,0,4.2449417,0.2299908
4.8656377,0.478837948,5,2.75,0.5,0.25,0,0,0.25,0,0,0.75,0.5,5.01,2.7700005,0.4931048,0.2256806,0,0,0.27080473,0,0,0.74086213,0.48758024
2.394540195,0.26087178,5,0.25,4.25,0,0,0,0,0,0,0,0.5,4.98,0.25,4.2406993,0,0,0,0,0,0,0,0.48758024
0,0,5,1.25,0,0,0,0.75,0.25,0.75,1.25,0.5,0.25,5.01,1.25,0,0,0,0.7573805,0.23068562,0.7454513,1.2407765,0.470548,0.2299908
0,0.163925651,5,0.25,0,0,0,0,0,0,4.5,0,0.25,4.99,0.24000072,0,0,0,0,0,0,4.4928126,0,0.2299908
1.210028538,0.763981678,5,0.5,0.75,3.5,0,0,0,0,0,0,0.25,5.01,0.5,0.7351739,3.477544,0,0,0,0,0,0,0.23919064
0.149983334,1.081758422,5,1.75,0,0,0.25,0,0.25,0,1.75,0,1,5.04,1.75,0,0,0.23268639,0,0.24071565,0,1.7410907,0,0.98436034
0.667708441,1.116559743,5,0.5,0,0,0,0,4.25,0,0,0,0.25,5.015,0.5100002,0,0,0,0,4.222541,0,0,0,0.2483896
5.503283488,0.375381193,5,0.5,0,0,0,0,0,0,0,0,4.5,4.975,0.49000072,0,0,0,0,0,0,0,0,4.4894204
0.168426546,0.948145087,5,0.5,0,0,0,0,2.75,0,0,1.5,0.25,5.015,0.50000095,0,0,0,0,2.7581918,0,0,1.4516906,0.27598915
0.171813784,0,5,1.5,0,0.25,0,0.75,0,0.75,1,0.5,0.25,5.02,1.5100012,0,0.23593907,0,0.73744893,0,0.7555252,1.0006274,0.48055893,0.23919064
0.307453311,1.019693499,5,2.25,0,0.5,0.25,0,0.5,0,0.75,0,0.75,5.005,2.249999,0,0.4923961,0.24280342,0,0.4914594,0,0.7404633,0,0.7267709
6.263277166,0.192695656,4.2,1,0,0,0,0.5,0,0,0,0,3.5,4.19,0.9899998,0,0,0,0.50824225,0,0,0,0,3.523459
8.468736412,0.06702517,4.6,0.75,0,0,0,1.25,0,0,0,0,3,4.6,0.7600002,0,0,0,1.1958634,0,0,0,0,2.9990792
8.719445229,0,4.2,0.25,0,0,0,1.5,0,0,0,0,3.25,4.2,0.24000072,0,0,0,1.4848636,0,0,0,0,3.2474706
8.934360517,0.04694551,4.8,0.5,0,0,0,1.25,0,0,0,0,3.25,4.805,0.4800005,0,0,0,1.2257596,0,0,0,0,3.23827
8.039154099,0.17597687,4.6,1.25,0,0,0,0.75,0,0,0,0,3,4.595,1.2800007,0,0,0,0.7573805,0,0,0,0,2.9898813
8.902232244,0.124713538,4.8,0.75,0,0,0,1,0,0,0,0,3.25,4.75,0.7599993,0,0,0,0.9865881,0,0,0,0,3.2382708
10.11013307,0.07518485,4.8,0.75,0,0,0,1.25,0,0,0,0,3,4.805,0.7399998,0,0,0,1.2357254,0,0,0,0,2.9990792
0.160298434,0.818936838,1.8,0.25,0,3.75,0,0,0,0,0.75,0,0.25,1.79,0.26000023,0,3.7852905,0,0,0,0,0.7204513,0,0.2299908
8.300328859,0.238481161,4.2,1,0,0,0,0.75,0,0,0,0,3.25,4.19,0.9899998,0,0,0,0.7573805,0,0,0,0,3.229071
8.760529103,0.137945914,4.2,0.75,0,0,0,0.75,0,0,0,0,3.5,4.335,0.7400007,0,0,0,0.75737953,0,0,0,0,3.4866605
11.05218562,0.004218457,4.8,0.25,0,0,0,1.5,0,0,0,0,3.25,4.85,0.25999928,0,0,0,1.4948294,0,0,0,0,3.229071
6.004935755,0.144000054,4.8,0.25,0,0.25,0,0.25,0,0,0,0,4.25,4.835,0.26000023,0,0.24619755,0,0.23917247,0,0,0,0,4.2410307
0.165855939,0.918005625,1.4,0.25,0,3.75,0,0,0,0,0.75,0,0.25,1.51,0.2300005,0,3.7545161,0,0,0,0,0.74046427,0,0.22079095
9.252018357,0.257334017,4.6,1,0,0,0,0.75,0,0,0,0,3.25,4.57,1,0,0,0,0.72748417,0,0,0,0,3.2382708
5.323435923,0.088907948,4.4,0.25,0,0.25,0,0.75,0,0,0,0,3.75,4.37,0.2300005,0,0.2256806,0,0.73744893,0,0,0,0,3.7534506
6.148709984,0.079019329,5,0.25,0,0.25,0,0.75,0,0,0,0,3.75,4.98,0.26000023,0,0.25645602,0,0.72748417,0,0,0,0,3.735051
9.083342489,0.091013488,4.6,0.5,0,0,0,1.25,0,0,0,0,3.25,4.555,0.5,0,0,0,1.255657,0,0,0,0,3.2474706
8.269023843,0.09038582,3.6,0.5,0,0,0,1.25,0,0,0,0,3.25,3.595,0.5099993,0,0,0,1.255657,0,0,0,0,3.23827
8.468700817,0.207634147,4.4,0.75,0,0,0,1,0,0,0,0,3.25,4.365,0.75,0,0,0,0.99655294,0,0,0,0,3.24747
8.821016097,0.186801285,4.8,0.75,0,0,0,1,0,0,0,0,3.25,4.77,0.75,0,0,0,0.98658717,0,0,0,0,3.2474706
10.68492042,0.069661374,5,0.5,0,0,0,1.5,0,0,0,0,3,5.02,0.52000046,0,0,0,1.4948294,0,0,0,0,3.008279
4.715763587,0.422096788,4.4,0.75,0,0.25,0,0,0,0,0,0,4,4.465,0.7600002,0,0.23593907,0,0,0,0,0,0,4.00184
9.94715634,0.155760264,4.8,0.5,0,0,0,1.25,0,0,0,0,3.25,4.785,0.5,0,0,0,1.2456912,0,0,0,0,3.2658703
10.62057702,0.070500167,4.4,0.5,0,0,0,1.5,0,0,0,0,3,4.375,0.5,0,0,0,1.5047952,0,0,0,0,2.9806814
10.45931155,0.168410622,5,0.5,0,0,0,1.25,0,0,0,0,3.25,4.965,0.5,0,0,0,1.2357254,0,0,0,0,3.2566698
0.15722172,0.979699654,2.6,0.25,0,3.5,0,0,0,0,1,0,0.25,2.54,0.2699995,0,3.4980612,0,0,0,0,1.0006274,0,0.23919064
9.063864691,0.324055093,4.4,1,0,0,0,1,0,0,0,0,3,4.425,1.0100002,0,0,0,0.99655294,0,0,0,0,3.01748
11.34892136,0.170116737,4.8,0.25,0,0,0,1.5,0,0,0,0,3.25,5.055,0.23999977,0,0,0,1.4848636,0,0,0,0,3.2382708
2.5183092,0.301869893,5,1.25,0.25,0,0,0.75,0.25,0,0,0,2.5,4.965,1.2600002,0.25103486,0,0,0.7474147,0.26077473,0,0,0,2.4839005
9.827960946,0.05574427,5,0.25,0,0,0,1.75,0,0,0,0,3,5.04,0.25,0,0,0,1.7439677,0,0,0,0,2.9806814
5.801724972,0.160490596,4.4,0.5,0,0.25,0,0.75,0,0,0,0,3.5,4.41,0.5,0,0.23593907,0,0.7274832,0,0,0,0,3.4866614
2.038491117,0.092040581,5,0.5,0,0,0,1.25,0,0.25,0,0,3,4.95,0.5099993,0,0,0,1.2456912,0,0.23169488,0,0,2.9806805
1.726384243,0.309664385,5,0.5,0,0,0,0.75,0,0.75,0,0,3,4.95,0.5,0,0,0,0.7374499,0,0.7454513,0,0,3.008279
10.58492216,0.058220704,5,0.25,0,0,0,2,0,0,0,0,2.75,4.945,0.2699995,0,0,0,1.9831411,0,0,0,0,2.74149
2.754773307,0.298480487,2,0.5,0,0,0.25,0.75,0,0,0,0,3.5,1.94,0.49000072,0,0,0.23268639,0.7274832,0,0,0,0,3.51426
8.351442433,0.16552335,3.8,0.25,0,0,0,1,0,0,0,0,3.75,3.7,0.23999977,0,0,0,0.99655294,0,0,0,0,3.73505
8.922908308,0.100702395,2.4,0.75,0,0,0,1.75,0,0,0,0,2.5,2.365,0.7600002,0,0,0,1.7539334,0,0,0,0,2.4839013
2.819886912,0.200764039,4.4,0.5,0,0,0,1.5,0,0,0.25,0,2.75,4.365,0.5100002,0,0,0,1.5047952,0,0,0.23014362,0,2.732291
13.01615412,0.029912891,5,0.25,0,0,0,2.75,0,0,0,0,2,4.975,0.27000046,0,0,0,2.770417,0,0,0,0,1.9963202
5.354290957,0.341749616,3,0.75,0,0.25,0,0.5,0,0,0,0,3.5,2.97,0.77000046,0,0.25645602,0,0.49827647,0,0,0,0,3.5050592
2.279825523,0.667543389,5,0.75,0,1,0,0,0,0.25,0,0,3,4.98,0.75,0,0.9745327,0,0,0,0.23169488,0,0,2.9898803
5.267631687,0.395860278,4.4,0.75,0.25,0.25,0,0,0,0,0,0,3.75,4.455,0.7600002,0.2510357,0.23593907,0,0,0,0,0,0,3.7534497
0.637262241,0.250332669,4.2,0.75,0,0,0.5,1.25,0,0.25,0,0,2.25,4.15,0.75,0,0,0.4957239,1.255657,0,0.24176782,0,0,2.2355108
3.045829175,0.213431514,3.4,1,0,0,0.25,1.25,0,0,0,0,2.5,3.37,1.0099993,0,0,0.24280342,1.2456912,0,0,0,0,2.4747014
10.76705041,0.061501694,4.2,0.75,0.5,0,0,2,0,0,0,0,1.75,4.205,0.7600002,0.51103544,0,0,1.9931059,0,0,0,0,1.7387298
1.388266039,0.07958423,2.2,0.75,0,0,0,2,0,0.25,0,0,2,2.175,0.7599993,0,0,0,1.9731753,0,0.22162098,0,0,1.9871204
10.98471849,0.038209516,5,0.25,0,0,0,2.5,0,0,0,0,2.25,4.97,0.26000023,0,0,0,2.501348,0,0,0,0,2.2447107
10.15454372,0.048212257,4.4,0.5,0,0,0,2,0,0,0,0,2.5,4.375,0.5100002,0,0,0,1.9931059,0,0,0,0,2.4838996
2.070353444,0.12717856,3.2,0.5,0,0,0,1.5,0,0.25,0,0,2.75,3.215,0.5,0,0,0,1.4948294,0,0.25184172,0,0,2.7230911
1.391351672,0.555270756,3.2,0.25,0,0,0,0,0,1,0,0,3.75,3.185,0.25,0,0,0,0,0,1.0073669,0,0,3.7442498
1.051048648,0.556126666,4.8,0.5,0,0,0,0,0.25,0.5,0,0,3.75,4.83,0.5,0,0,0,0,0.2507447,0.5137564,0,0,3.7442498
3.708388929,0.143104201,3.6,0.5,0,0,0,1.5,0.25,0,0,0,2.75,3.63,0.5100002,0,0,0,1.4848636,0.23068562,0,0,0,2.7598906
0.979402224,0.538426437,4.8,1.25,0.75,0.25,0,2,0.5,0,0,0,0.25,4.795,1.250001,0.7351739,0.27697298,0,1.9931059,0.4914594,0,0,0,0.22079095
3.772186281,0.029599057,4.8,0.75,0,0,0,1,0,0,0.25,0.5,2.5,4.81,0.75,0,0,0,0.99655294,0,0,0.2501566,0.49056986,2.4839013
5.319845817,0.022620533,4.4,0.25,1.25,0,0,2.25,0,0,0,0,1.25,4.37,0.26000023,1.2641408,0,0,2.2422442,0,0,0,0,1.2511505
12.45562437,0.093723871,3.4,0.5,0,0,0,3,0,0,0,0,1.5,3.395,0.5,0,0,0,2.9996235,0,0,0,0,1.5271387
13.08367848,0.145432278,5,0.5,0,0,0,2.75,0,0,0,0.75,1,5.01,0.5199995,0,0,0,2.7405207,0,0,0,0.7408631,0.9659615
10.4678417,0.066990933,5,0.25,0,0,0,2.75,0,0,0,0,2,4.985,0.2300005,0,0,0,2.7305548,0,0,0,0,1.9779205
11.17026845,0.423397772,5,0.75,0,0,0,3.75,0,0,0,0,0.5,4.975,0.7600002,0,0,0,3.7271087,0,0,0,0,0.4967801
10.72136,0.053513196,5,0.25,0,0,0,3,0,0,0,0,1.75,4.995,0.26000023,0,0,0,2.9996245,0,0,0,0,1.72953
10.75613923,0.068765521,5,0.5,0,0,0,2.5,0,0,0,0,2,5.015,0.52000046,0,0,0,2.4913824,0,0,0,0,2.00552
13.16660706,0.019921562,5,0.5,0,0,0,2.75,0,0,0,0.25,1.5,5.195,0.48999977,0,0,0,2.7405207,0,0,0,0.22025761,1.5087391
7.629740634,0.616377059,3.8,0.25,0,0,0,4.5,0,0,0,0,0.25,3.825,0.25999832,0,0,0,4.4844894,0,0,0,0,0.25758946
7.544421514,0.6723479,3.8,0.5,0,0,0,4.25,0,0,0,0,0.25,3.775,0.5300007,0,0,0,4.2453146,0,0,0,0,0.24839048
12.30882041,0.061267745,4.4,0.5,0,0,0,3.5,0,0,0,0,1,4.415,0.52000046,0,0,0,3.497901,0,0,0,0,0.98436034
3.500046528,0.813938321,5,0.75,0,0,0,3.5,0,0,0,0.5,0.25,4.965,0.75,0,0,0,3.5078669,0,0,0,0.47054705,0.23919064
11.65694143,0.054448992,3.8,0.75,0,0,0,3,0,0,0,0,1.25,3.775,0.75,0,0,0,2.9896588,0,0,0,0,1.2235501
13.16598789,0.068697048,3.6,0.5,0,0,0,2.5,0,0,0,0.75,1.25,3.545,0.5199995,0,0,0,2.501348,0,0,0,0.79092157,1.2235509
12.72341767,0.093546983,5,0.5,0,0,0,3,0,0,0,0,1.5,5.2,0.52000046,0,0,0,2.9996245,0,0,0,0,1.5087391
8.366314652,0,2.8,0.75,0,0,0,2.5,0,0,0,0,1.75,2.765,0.7699995,0,0,0,2.4814167,0,0,0,0,1.7387298
3.832020731,0,2.4,0.5,1.5,0,0,2.25,0,0,0,0,0.75,2.315,0.49999905,1.4972451,0,0,2.25221,0,0,0,0,0.72677
13.94727676,0,5,0.25,0,0,0,2.75,0,0,0,0.5,1.5,4.97,0.2699995,0,0,0,2.760452,0,0,0,0.5105936,1.4903412
9.690448333,0,3,0.25,0,0,0,2.75,0,0,0,0,2,2.975,0.27999973,0,0,0,2.7305548,0,0,0,0,1.9779214
9.131203377,0.231525462,3.4,0.25,1.25,0,0,3.25,0,0,0,0,0.25,3.335,0.26999855,1.2641408,0,0,3.2288322,0,0,0,0,0.24838872
3.236554458,1.02092601,5,0.75,0,0,0,3.25,0,0,0,0.75,0.25,5.235,0.77000046,0,0,0,3.248762,0,0,0,0.7208393,0.23919064
2.641653209,0.718492888,3.8,0.75,0.5,0,0,2.75,0,0,0,0.75,0.25,3.85,0.75,0.50207055,0,0,2.760451,0,0,0,0.7208403,0.23918976
4.204087105,0.279182559,4,0.5,1.25,0,0,3,0,0,0,0,0.25,4.045,0.4699993,1.255176,0,0,2.9796932,0,0,0,0,0.23919064
2.883082203,0,3.2,0.5,0.75,0,0,2.5,0,0,0,0,1.25,3.195,0.5,0.78000176,0,0,2.4814177,0,0,0,0,1.2327508
8.072881104,0.55073443,3,0.25,0,0,0,4.5,0,0,0,0,0.25,2.98,0.25999832,0,0,0,4.494455,0,0,0,0,0.24839048
12.78696319,0,3.2,0.75,0,0,0,2.25,0,0,0,0.5,1.5,3.125,0.7400007,0,0,0,2.2223127,0,0,0,0.46053517,1.4903402
2.706878381,0.80183004,1.8,0.5,0,0,0,3.75,0,0,0,0.5,0.25,1.685,0.5100002,0,0,0,3.757004,0,0,0,0.47054705,0.2299908
12.39238252,0,4,0.25,0,0,0,2.5,0,0,0,0,2.25,3.975,0.26000023,0,0,0,2.501348,0,0,0,0,2.2447107
12.38407812,0.052080973,5,0.5,0,0,0,2.5,0,0,0,0.5,1.5,4.96,0.5199995,0,0,0,2.501348,0,0,0,0.5005827,1.4995393
13.32278412,0.007179908,4.8,0.75,0,0,0,2.5,0,0,0,0.5,1.25,4.925,0.71000004,0,0,0,2.4913824,0,0,0,0.47054705,1.2327508
14.13889782,0,4.8,0.5,0,0,0,2.75,0,0,0,0.5,1.25,4.82,0.5100002,0,0,0,2.7405207,0,0,0,0.48055893,1.2419506
8.95020822,0.112103123,1.8,0.75,0,0,0,3.5,0,0,0,0,0.75,1.88,0.75,0,0,0,3.497901,0,0,0,0,0.7359716
14.47267358,0.026203945,4.4,0.75,0,0,0,2,0,0,0,1,1.25,4.4,0.7600002,0,0,0,1.9931059,0,0,0,0.9911535,1.2419506
11.62630801,0,2.4,0.75,0,0,0,1.25,0,0,0,1,2,2.385,0.75,0,0,0,1.2456912,0,0,0,0.9911554,1.9963185
12.3526236,0.059670046,4.6,0.75,0,0,0,3.25,0,0,0,0,1,4.555,0.75000095,0,0,0,3.248762,0,0,0,0,0.98436034
8.663962168,0.144855965,1.6,1.5,0.25,0,0,1.25,0,0,0,1,1,1.53,1.5199995,0.22413847,0,0,1.2357264,0,0,0,0.96111786,1.00276
13.07246019,0,3.4,0.5,0,0,0,2.5,0,0,0,0.25,1.75,3.415,0.5,0,0,0,2.4714508,0,0,0,0.23026758,1.7571295
11.52263372,0,3.2,0.5,0,0,0,2.75,0,0,0,0,1.75,3.2,0.5,0,0,0,2.760452,0,0,0,0,1.7755293
16.05087901,0.034449216,5,0.5,0,0,0,2.25,0,0,0,0.5,1.75,4.95,0.5100002,0,0,0,2.2422442,0,0,0,0.46053708,1.7387298
11.66371027,0,3.8,0.25,0,0,0,3,0,0,0,0,1.75,3.78,0.22000027,0,0,0,2.9896588,0,0,0,0,1.7387298
9.479991628,0.672753031,4,0.75,0.5,0,0,3.5,0,0,0,0,0.25,4.03,0.7400017,0.49310395,0,0,3.507866,0,0,0,0,0.23919064
8.039050003,0.073638505,1.6,0.5,0,0,0,2.25,0,0,0,0,2.25,1.56,0.5100002,0,0,0,2.2123477,0,0,0,0,2.244709
9.773735236,0.047076749,4,0.25,0,0,0,1.5,0,0,0,0.25,3,4.16,0.26000023,0,0,0,1.5247258,0,0,0,0.23026758,2.9990792
12.35236647,0.070100742,4.8,0.75,0,0,0,2.5,0,0,0,0.5,1.25,4.865,0.7599993,0,0,0,2.4913824,0,0,0,0.4905708,1.241949
10.90118944,0.310195049,4.4,0.25,0,0,0,4,0,0,0,0,0.75,4.415,0.25000095,0,0,0,3.9961765,0,0,0,0,0.75436956
3.524226711,0.068451687,2.8,1.25,0.75,0.25,0,1.5,0,0,0,0.25,1,2.765,1.2600002,0.7531054,0.2667145,0,1.4848636,0,0,0,0.23026949,1.00276
9.345387171,0.017970086,4.8,0.75,0,0.25,0,1,0,0,0,1,2,4.81,0.77999973,0,0.25645602,0,0.98658717,0,0,0,0.9711297,1.9963211
4.787700499,0.100964874,2.6,1.25,0.5,0.25,0,2.25,0,0,0,0,0.75,2.6,1.2399998,0.50207055,0.2154231,0,2.2621746,0,0,0,0,0.73596984
10.13426038,0.015071403,3.4,0.5,0,0,0,2.25,0,0,0,0,2.25,3.4,0.5100002,0,0,0,2.2621756,0,0,0,0,2.226311
9.888612988,0.026637606,5,0.25,0,0.25,0,2.5,0,0,0,0.5,1.5,4.915,0.27999973,0,0.22568157,0,2.461486,0,0,0,0.47054896,1.517939
14.54814548,0.007311147,4.8,0.5,0,0,0,2.75,0,0,0,0.5,1.25,4.66,0.52999973,0,0,0,2.7504864,0,0,0,0.4905708,1.2419506
11.36972864,0,3.4,0.5,0,0,0,2.75,0,0,0,0,1.75,3.425,0.48999977,0,0,0,2.7504864,0,0,0,0,1.72953
10.21574758,0.006129991,2,0.5,0,0,0,3.25,0,0,0,0,1.25,1.995,0.5199995,0,0,0,3.2288313,0,0,0,0,1.2419506
14.234871,0.024897255,3.8,0.5,0.25,0,0,2.25,0,0,0,0.5,1.5,3.77,0.5100002,0.2600006,0,0,2.2422442,0,0,0,0.4905708,1.4811413
8.793620308,0.029108335,3.8,0.75,0,0.5,0,1.5,0,0,0,0.75,1.5,3.755,0.7599993,0,0.5026536,0,1.4748988,0,0,0,0.74086213,1.5363386
10.53026297,0.35838281,2.8,0.5,0,0,0,3.75,0,0,0,0.25,0.5,2.83,0.52999973,0,0,0,3.7470393,0,0,0,0.25029135,0.47837952
11.54243671,0.032549095,5,0.5,0,0,0,2.5,0,0,0,0.5,1.5,5.035,0.5,0,0,0,2.501348,0,0,0,0.4905708,1.4995409
12.86655464,0.050848461,4.8,0.75,0,0,0,2.5,0,0,0,0.5,1.25,4.81,0.75,0,0,0,2.4814177,0,0,0,0.47054705,1.2419506
13.0007668,0.049918372,5,0.75,0,0,0,2.25,0,0,0,0.5,1.5,4.99,0.75,0,0,0,2.2621756,0,0,0,0.47054896,1.5363386
13.02393913,0.039521912,4.8,0.5,0,0,0,2.75,0,0,0,0.5,1.25,4.85,0.5099993,0,0,0,2.7405207,0,0,0,0.4905708,1.2419506
12.98787035,0.048942634,4.6,0.75,0,0,0,2.5,0,0,0,0.5,1.25,4.595,0.7600002,0,0,0,2.4814167,0,0,0,0.4905708,1.2419506
8.929775115,0.033245235,5,0.5,0,0.25,0,2.25,0,0,0,0.5,1.5,5.03,0.5,0,0.24619755,0,2.2322783,0,0,0,0.4905708,1.4995393
14.25275652,0.066859694,5,0.5,0,0,0,1.5,0,0,0,0.75,2.25,4.98,0.52000046,0,0,0,1.4948294,0,0,0,0.74086213,2.2355099
7.274715283,0.656661913,3.2,2.5,0.5,0,0,0.5,0,0,0,0,1.5,3.16,2.5,0.5110363,0,0,0.48831072,0,0,0,0,1.4995409
10.38474,0.175702979,2.8,0.5,0,0,0,3.75,0,0,0,0,0.75,2.795,0.5,0,0,0,3.7370737,0,0,0,0,0.7451697
5.410865979,0.257470962,2,1.25,0.25,0.25,0,1.5,0,0,0,0.75,1,2.115,1.25,0.25103486,0.24619853,0,1.5247258,0,0,0,0.74086213,0.98436207
11.8543811,0.116616624,3.6,0.5,0.25,0,0,2.25,0,0,0,0,2,3.63,0.5100002,0.2510357,0,0,2.2322783,0,0,0,0,1.9871204
15.30741149,0.02156491,5,0.5,0,0,0,2,0,0,0,0.75,1.75,5.065,0.4800005,0,0,0,2.0230021,0,0,0,0.75087404,1.7203319
7.002038091,0.681061069,3.2,0.5,0,0,0,4.25,0,0,0,0,0.25,3.21,0.5,0,0,0,4.235349,0,0,0,0,0.2299908
10.41844598,0.173055363,2.2,0.5,0,0,0,3.75,0,0,0,0,0.75,2.205,0.5100002,0,0,0,3.7370737,0,0,0,0,0.7451697
12.06749521,0.093809462,4.8,1,0,0,0,2,0,0,0,0.5,1.5,4.8,1.0100002,0,0,0,1.9831401,0,0,0,0.48055893,1.4811413
12.83530898,0.119195768,4.6,1,0,0,0,2,0,0,0,0.5,1.5,4.545,0.9900007,0,0,0,1.9931059,0,0,0,0.5005827,1.4811413
8.56435855,0.076074997,1.8,1.5,0.25,0,0,0.75,0,0,0,0.75,1.75,1.755,1.5099993,0.24206996,0,0,0.7474147,0,0,0,0.7308503,1.7295309
8.753400871,0.094876498,5,0.25,0,0.25,0,2,0,0,0,0.75,1.75,4.955,0.24000072,0,0.27697298,0,1.9731743,0,0,0,0.72083837,1.7571304
13.48199569,0.079316045,3.2,0.5,0,0,0,1.5,0,0,0,1.5,1.5,3.19,0.5099993,0,0,0,1.4649332,0,0,0,1.4817243,1.4995401
14.75824343,0.058637247,4.8,0.5,0,0,0,2,0,0,0,0.75,1.75,4.82,0.5,0,0,0,1.9931059,0,0,0,0.7108265,1.7479306
11.19250585,0.129209921,4.2,0.75,0,0,0,2.75,0,0,0,0,1.5,4.215,0.75,0,0,0,2.7305548,0,0,0,0,1.4995393
10.81823524,0.213585578,4.2,2.5,0.25,0,0,0.25,0,0,0,0.25,1.75,4.21,2.5,0.26896632,0,0,0.24913824,0,0,0,0.24027947,1.7571295
10.82905687,0.11704458,4.4,0.75,0,0,0,2.5,0,0,0,0,1.75,4.36,0.7600002,0,0,0,2.4913824,0,0,0,0,1.7479297
11.65327664,0.382422483,5,0.25,0,0,0,4.25,0,0,0,0,0.5,5.055,0.26000023,0,0,0,4.225385,0,0,0,0,0.47837952
11.21987341,0.136679166,4.6,0.25,0,0,0,2.25,0,0,0,0,2.5,4.635,0.25,0,0,0,2.2223136,0,0,0,0,2.5023
6.03022559,0.344751009,2.2,1.75,0,0.25,0,1,0,0,0,1,1,2.14,1.7399998,0,0.23594005,0,0.98658717,0,0,0,0.9711297,0.98436034
11.58061917,0.149997134,4.6,0.5,0,0,0,2.5,0,0,0,0,2,4.65,0.49000072,0,0,0,2.4714508,0,0,0,0,1.9871212
16.86850214,0.086260332,5,0.25,0.25,0,0,1.75,0,0,0,0.75,2,5.015,0.26000023,0.2420691,0,0,1.7439677,0,0,0,0.7608859,2.014719
9.879281779,0.231981948,4.2,0.5,0,0,0,3.5,0,0,0,0,1,4.19,0.49999905,0,0,0,3.497901,0,0,0,0,0.97516227
11.71521678,0.127703518,4.2,1,0,0,0,2,0,0,0,0.5,1.5,4.215,0.9899998,0,0,0,1.9931059,0,0,0,0.48056084,1.4903394
13.5414615,0.074328939,4.4,0.5,0,0,0,2.25,0,0,0,0.75,1.5,4.375,0.5300007,0,0,0,2.2322783,0,0,0,0.74086213,1.50874
7.689822982,0.035036941,1.8,0.5,0,0,0,2,0,0,0,0.25,2.25,1.78,0.5,0,0,0,1.9831401,0,0,0,0.22025569,2.2447097
13.59568658,0.111863468,4.4,0.25,0,0,0,2.25,0,0,0,0.75,1.75,4.38,0.25999928,0,0,0,2.2422442,0,0,0,0.72083837,1.7479297
11.63806138,0.11315304,3.6,0.25,0.25,0,0,3.25,0,0,0,0,1.25,3.63,0.27999973,0.2420691,0,0,3.2587285,0,0,0,0,1.2695484
8.882527064,0.165922775,4.4,0.5,0,0,0,1.5,0,0,0,0,3,4.475,0.5,0,0,0,1.4848636,0,0,0,0,2.9898813
6.595518603,0.723400108,3.2,0.25,0,0,0,4.5,0,0,0,0,0.25,3.285,0.26000023,0,0,0,4.4844875,0,0,0,0,0.24839048
10.47416253,0.026797376,2,0.25,0,0,0,1.75,0,0,0,1,2,1.965,0.25999928,0,0,0,1.7539334,0,0,0,0.9811416,1.9963211
5.349851384,0.174441938,1,0.75,0,0,0,3.25,0,0,0,0,1,0.98,0.7699995,0,0,0,3.2587276,0,0,0,0,0.9935602
15.02222801,0.089290255,4.6,0.75,0,0,0,2,0,0,0,0.75,1.5,4.57,0.75,0,0,0,1.9731753,0,0,0,0.75087404,1.4903402
10.54815665,0.144564955,3.6,0.5,0,0,0,2.75,0,0,0,0,1.75,3.605,0.5100002,0,0,0,2.7405207,0,0,0,0,1.7387298
11.56451731,0.165529056,4.2,0.5,0,0,0,2.75,0,0,0,0,1.75,4.15,0.5,0,0,0,2.7405207,0,0,0,0,1.7571295
14.72333402,0.107213021,3.8,0.5,0,0,0,2.25,0,0,0,0.5,1.75,3.745,0.52999973,0,0,0,2.25221,0,0,0,0.48055893,1.7479297
4.665261165,0,4.4,0.5,0,0,0,2,0,0,0,0.75,1.75,4.41,0.5100002,0,0,0,2.0030706,0,0,0,0.7208403,1.7387298
7.370351467,0,4.6,0.5,0,0,0,2,0,0,0,0.75,1.75,4.655,0.52000046,0,0,0,1.9831401,0,0,0,0.74086213,1.7571304
7.933836532,0,4.4,0.75,0,0,0,2,0,0,0,0.5,1.75,4.355,0.7599993,0,0,0,1.9731753,0,0,0,0.48056084,1.7479297
9.115586611,0,5,0.5,0.25,0,0,1.75,0,0,0,0.75,1.75,4.995,0.5,0.24206996,0,0,1.7539334,0,0,0,0.72083837,1.7571295
4.577556119,0,1.4,1,0.25,0,0,0.25,0,0,0,1.25,2.25,1.4,1.0100002,0.26896632,0,0,0.23917247,0,0,0,1.2614686,2.2447107
9.4166111,0,4.6,0.5,0,0,0,2.25,0,0,0,0.25,2,4.56,0.5100002,0,0,0,2.2422442,0,0,0,0.26030132,1.9871212
10.29604728,0.068822582,4.6,0.75,0,0,0,3,0,0,0,0.5,0.75,4.555,0.7699995,0,0,0,3.0095904,0,0,0,0.4905708,0.75436956
9.141104477,0,2.8,1.75,0,0,0,0.5,0,0,0,0.75,2,2.775,1.75,0,0,0,0.48831072,0,0,0,0.72083837,2.00552
10.3697353,0,3.6,0.5,0,0,0,2.25,0,0,0,0.25,2,3.605,0.5099993,0,0,0,2.2322793,0,0,0,0.22025569,1.9871212
9.609651377,0.018700463,3,0.5,0,0,0,3.25,0,0,0,0,1.25,2.975,0.5199995,0,0,0,3.2387972,0,0,0,0,1.2327508
8.112914982,0.031076929,3,0.25,0.5,0,0,2.5,0,0,0,0,1.75,3,0.2699995,0.4931048,0,0,2.4913824,0,0,0,0,1.7571295
12.74364646,0.070032269,2.8,0.5,0,0,0,1.25,0,0,0,1.25,2,2.79,0.5099993,0,0,0,1.255657,0,0,0,1.2414448,1.9779214
15.21585571,0.055464672,4.8,0.75,0,0,0,1.75,0,0,0,0.75,1.75,4.815,0.7699995,0,0,0,1.7439677,0,0,0,0.7308503,1.7479306
0,0,4.4,1,0.5,0,0,1.25,0,0,0,1.25,1,4.37,1.0100002,0.5110363,0,0,1.2357254,0,0,0,1.2614686,1.0211588
13.56970534,0.065319055,4.8,0.25,0.25,0,0,1.75,0,0,0,1,1.75,4.83,0.26000023,0.2420691,0,0,1.7340019,0,0,0,0.9711297,1.7479306
13.2924402,0.106220165,4.8,0.75,0,0,0,1.75,0,0,0,0.75,1.75,4.805,0.7600002,0,0,0,1.7439677,0,0,0,0.7108284,1.7295309
14.30668701,0.099892133,5,0.5,0.25,0,0,1.5,0,0,0,1,1.75,4.985,0.52000046,0.23310421,0,0,1.5047942,0,0,0,1.0011654,1.7295309
10.53701841,0.367780707,4.6,0.75,0,0,0,3.5,0,0,0,0,0.75,4.565,0.75,0,0,0,3.4879353,0,0,0,0,0.7359716
14.71422175,0.096217424,4.6,0.75,0,0,0,1.75,0,0,0,0.75,1.75,4.625,0.77999973,0,0,0,1.7638992,0,0,0,0.74086213,1.7847291
11.21088342,0.145169799,2.4,2.25,0,0,0,0.75,0,0,0,0.5,1.5,2.4,2.2599993,0,0,0,0.72748417,0,0,0,0.48055893,1.4903412
14.74748333,0.259388202,4.2,0.75,0,0,0,0.25,0,0,0,2.5,1.5,4.175,0.77999973,0,0,0,0.21924192,0,0,0,2.4828906,1.4903402
13.50666224,0.087464313,3,0.75,0,0,0,2,0,0,0,0.5,1.75,3.04,0.77999973,0,0,0,2.0030715,0,0,0,0.48055893,1.7295309
9.853652867,0.472766689,4.2,1,0.5,0,0,0.75,0,0,0,0,2.75,4.225,1,0.5289669,0,0,0.73744893,0,0,0,0,2.7690895
15.37084335,0.207605616,4,1.25,0,0,0,2,0,0,0,0.75,1,3.98,1.2300005,0,0,0,1.9831401,0,0,0,0.75087404,1.011959
9.800122214,0.168490507,3.4,0.25,0,0,0,1.75,0,0,0,0,3,3.4,0.23999977,0,0,0,1.7539334,0,0,0,0,2.9990802
7.783503526,0.184901164,4,0.5,0,0.25,0,3.25,0,0,0,0,1,4.005,0.5,0,0.23593907,0,3.2487628,0,0,0,0,0.98436034
17.97239462,0.100457034,5,0.5,0.25,0,0,1.25,0,0,0,1.25,1.75,5.015,0.49000072,0.26000145,0,0,1.255656,0,0,0,1.2714804,1.7387308
11.42252996,0.136068617,4.6,0.5,0.25,0,0,2.5,0,0,0,0,1.75,4.615,0.5100002,0.26896632,0,0,2.4913824,0,0,0,0,1.7479297
11.10604551,0.528777473,5,0.5,0,0,0,4,0,0,0,0,0.5,4.98,0.48999977,0,0,0,3.9862118,0,0,0,0,0.48757938
13.85786928,0.053781381,4.4,0.75,0.5,0,0,0.5,0,0,0,0.75,2.5,4.385,0.7699995,0.4931048,0,0,0.4783459,0,0,0,0.74086404,2.4838996
6.769879611,0.816026742,4.6,0.5,0,0,0,4.25,0,0,0,0,0.25,4.575,0.5199995,0,0,0,4.23535,0,0,0,0,0.24838872
10.35093061,0.105723737,2.4,0.25,0,0,0,3.5,0,0,0,0,1.25,2.4,0.27000046,0,0,0,3.4879353,0,0,0,0,1.2235519
11.53450108,0.146088476,3.4,0.25,0,0,0,3.25,0,0,0,0,1.5,3.45,0.2699995,0,0,0,3.2387972,0,0,0,0,1.5363386
12.468774,0.13384325,3,0.25,0,0,0,3.75,0,0,0,0,1,3.075,0.2699995,0,0,0,3.7370737,0,0,0,0,0.9935602
12.13639297,0.232735149,3.4,0.5,0,0,0,3.75,0,0,0,0,0.75,3.355,0.5099993,0,0,0,3.7470393,0,0,0,0,0.75436956
17.63328627,0.097301577,4.8,0.25,0.25,0,0,1.75,0,0,0,1,1.75,4.855,0.24000072,0.2600006,0,0,1.7240361,0,0,0,0.9711316,1.7387298
17.06869442,0.095703878,4.8,0.75,0,0,0,1.75,0,0,0,0.75,1.75,4.8,0.7399998,0,0,0,1.7439677,0,0,0,0.7308503,1.7387298
14.23799672,0,2.4,0.25,0,0,0,1.5,0,0,0,0.75,2.5,2.395,0.26000023,0,0,0,1.4848636,0,0,0,0.74086213,2.4747014
10.40985688,0.115675123,2,0.5,0,0,0,3.5,0,0,0,0,1,2,0.5,0,0,0,3.507866,0,0,0,0,0.9659606
15.50104449,0.04049765,3.8,0.5,0,0,0,0,0,0,0,1.75,2.75,3.73,0.53999996,0,0,0,0,0,0,0,1.7420285,2.732291
10.39168549,0.627406892,3.8,0.25,0.5,0,0,4,0,0,0,0,0.25,3.79,0.26000118,0.5020697,0,0,3.9862118,0,0,0,0,0.2299908
14.80017461,0.127680694,5,0.5,0,0,0,1.75,0,0,0,0.75,2,5.27,0.52000046,0,0,0,1.7539334,0,0,0,0.72083837,1.9963211
14.18674107,0.103869264,3.4,0.5,0,0,0,2.25,0,0,0,0.75,1.5,3.565,0.5100002,0,0,0,2.2322783,0,0,0,0.74086213,1.4903402
15.31963468,0.109409858,5,0.5,0,0,0,1.5,0,0,0,0.75,2.25,4.995,0.5100002,0,0,0,1.4748979,0,0,0,0.7308503,2.226312
15.03969829,0.10897049,5,0.75,0,0,0,1.25,0,0,0,0.75,2.25,5,0.7300005,0,0,0,1.2357254,0,0,0,0.7308503,2.2447097
15.68076201,0.111675168,4.6,0.25,0,0,0,2.75,0,0,0,0.75,1.25,4.57,0.25,0,0,0,2.7405207,0,0,0,0.72083837,1.2235509
13.84943387,0.261967345,4.2,0.5,0,0,0,3.5,0,0,0,0.25,0.75,4.085,0.5199995,0,0,0,3.5078669,0,0,0,0.23026758,0.73596984
13.66593823,0.117735014,3.6,2,0.25,0,0,0.25,0,0,0,0.75,1.75,3.56,1.9899998,0.2420691,0,0,0.22920766,0,0,0,0.74086213,1.7571304
10.88684876,0.381851876,2.4,0.5,0,0,0,3.75,0,0,0,0,0.75,2.35,0.5,0,0,0,3.7470384,0,0,0,0,0.717571
15.03778551,0.098317258,3.4,0.75,0,0,0,2,0,0,0,0.75,1.5,3.325,0.7599993,0,0,0,1.9931059,0,0,0,0.72083837,1.4811413
18.26545291,0.055498908,5,0.25,0.25,0,0,1,0,0,0,1,2.5,4.98,0.26000023,0.25103486,0,0,1.0065187,0,0,0,0.9811416,2.4931011
13.48852948,0.181774238,3.4,0.25,0,0,0,3.75,0,0,0,0,1,3.36,0.25,0,0,0,3.7370737,0,0,0,0,0.9935602
11.07046971,0.190196397,2.2,0.75,0,0,0,3.25,0,0,0,0,1,2.17,0.7699995,0,0,0,3.2288322,0,0,0,0,0.98436034
10.88461391,0.183765656,2,0.5,0,0,0,3,0,0,0,0,1.5,1.97,0.52000046,0,0,0,2.9996245,0,0,0,0,1.4719415
12.04471335,0.247200036,2,1.25,0,0,0,2.5,0,0,0,0.25,1,2.07,1.25,0,0,0,2.501347,0,0,0,0.24027947,0.9659615
14.95722782,0.065581534,4.6,0.5,0,0,0,0.75,0,0,0,1.75,2,4.645,0.5100002,0,0,0,0.76734525,0,0,0,1.7320166,1.9963202
15.48438925,0.063886831,4.8,0.75,0,0,0,1,0,0,0,1.25,2,4.765,0.7400007,0,0,0,0.98658717,0,0,0,1.2414448,1.9779205
16.59766968,0.070003738,4.6,0.75,0,0,0,0.75,0,0,0,1.5,2,4.555,0.75,0,0,0,0.73744893,0,0,0,1.4817252,1.9779205
17.21340736,0.075989406,4.8,0.5,0,0,0,1,0,0,0,1.5,2,4.775,0.5199995,0,0,0,0.99655294,0,0,0,1.5317827,1.9871204
17.2030074,0.084337386,4.4,0.25,0,0,0,0,0,0,0,2.75,2,4.38,0.27000046,0,0,0,0,0,0,0,2.7532048,1.9871204
14.96775702,0.008024406,3,0.75,0,0,0,0.75,0,0,0,1.5,2,2.945,0.75,0,0,0,0.73744893,0,0,0,1.4717125,1.9871204
12.16013188,0.068542985,3,0.25,0,0,0,1.5,0,0,0,0.25,3,2.97,0.25,0,0,0,1.514761,0,0,0,0.23026758,2.9898803
16.16797947,0,4.4,0.75,0,0,0,0,0,0,0,2,2.25,4.405,0.75,0,0,0,0,0,0,0,1.9923189,2.217111
10.99926413,0.091458562,1.8,0.5,0,0,0,0,0,0,0,2.5,2,1.765,0.5100002,0,0,0,0,0,0,0,2.4728787,1.9963202
15.91746153,0.009433805,4.6,0.75,0.25,0,0,0,0,0,0,2.5,1.5,4.61,0.77000046,0.25103486,0,0,0,0,0,0,2.4828906,1.4995401
14.15328595,0.118048848,3.4,0.5,0,0,0,3,0,0,0,0.25,1.25,3.38,0.5,0,0,0,2.9896588,0,0,0,0.22025761,1.2511497
11.15473561,0.131001627,2.2,0.5,0,0,0,1.5,0,0,0,0.25,2.75,2.18,0.5100002,0,0,0,1.4948294,0,0,0,0.24027947,2.7414908
10.62650534,0.534112648,2.2,2.75,0.25,0,0,1.25,0,0,0,0.25,0.5,2.22,2.7699995,0.2510357,0,0,1.2456912,0,0,0,0.26030323,0.4967792
12.39884339,0.639920304,3.6,0.75,0.25,0,0,3,0,0,0,0.5,0.5,4.055,0.77000046,0.2510357,0,0,3.0095894,0,0,0,0.5406302,0.48758024
16.50184933,0.025251031,4.8,0.5,0,0,0,1,0,0,0,1.5,2,4.635,0.52000046,0,0,0,0.97662145,0,0,0,1.4817243,2.0331187
9.677997859,0.019961505,3.8,1,0.25,0.25,0,0,0,0,0,0.5,3,3.795,1,0.2600006,0.25645602,0,0,0,0,0,0.46053708,3.008279
18.17547594,0,5,0.25,0,0,0,0.25,0,0,0,2.5,2,4.91,0.23999977,0,0,0,0.23917247,0,0,0,2.4828906,1.9779205
17.10519346,0,4.8,0.5,0,0,0,0.5,0,0,0,1.75,2.25,4.705,0.52999973,0,0,0,0.50824225,0,0,0,1.7220048,2.2355099
16.91217083,0,4.2,0.75,0,0,0,0.25,0,0,0,2.25,1.75,4.13,0.7600002,0,0,0,0.23917247,0,0,0,2.2225883,1.7571295
16.80315379,0.005496617,4.8,0.75,0,0,0,1,0,0,0,1.25,2,4.765,0.78999996,0,0,0,0.98658717,0,0,0,1.2314339,2.014719
17.95086497,0,4.6,0.5,0,0,0,0.25,0,0,0,2,2.25,4.56,0.5,0,0,0,0.22920766,0,0,0,1.972296,2.2539105
13.45136143,0,4,0.75,0.5,0,0,0,0,0,0,1,2.75,3.96,0.7699995,0.51103544,0,0,0,0,0,0,1.0011654,2.7230918
12.29977389,0.083646952,4,1.75,0.25,0.25,0,0.5,0,0,0,1,1.25,3.96,1.75,0.2420691,0.25645602,0,0.51820797,0,0,0,0.9711297,1.2511497
14.40973971,0.061427515,2.6,0.25,0,0,0,0.75,0,0,0,2.25,1.75,2.59,0.2699995,0,0,0,0.7374499,0,0,0,2.2225873,1.7295309
15.35793185,0.250018835,5,0.75,0,0,0,1.25,0,0,0,1.75,1.25,4.99,0.7600002,0,0,0,1.2357254,0,0,0,1.7320166,1.2419498
17.83253906,0,4.6,0.25,0,0,0,0,0,0,0,2.25,2.5,4.6,0.25,0,0,0,0,0,0,0,2.2426102,2.5022993
18.20378261,0.125375442,4.4,0.5,0,0,0,0,0,0,0,2.75,1.75,4.395,0.5099993,0,0,0,0,0,0,0,2.733182,1.7479306
14.63704315,0,4.6,0.25,0,0,0,0,0,0,0,1.25,3.5,4.59,0.25,0,0,0,0,0,0,0,1.2414448,3.4682617
16.81964758,0.036081152,4.8,0.75,0,0,0,1,0,0,0,1.25,2,4.785,0.7400007,0,0,0,0.99655294,0,0,0,1.2314329,1.9871204
17.4823291,0.022477881,4.6,0.5,0,0,0,0.5,0,0,0,1.75,2.25,4.58,0.5099993,0,0,0,0.49827647,0,0,0,1.7220048,2.2355099
13.24997173,0,2.4,0.5,0,0,0,0.5,0,0,0,1.75,2.25,2.39,0.49000072,0,0,0,0.5082413,0,0,0,1.7320156,2.226311
17.5630435,0.018968648,4.8,0.75,0,0,0,0.75,0,0,0,1.5,2,4.78,0.77999973,0,0,0,0.72748417,0,0,0,1.4817243,1.9963202
16.95602071,0.004138572,4.8,1,0,0,0,0.75,0,0,0,1.25,2,4.8,0.9900007,0,0,0,0.7274832,0,0,0,1.2214221,1.9963202
11.51453921,0.076554307,3.4,0.75,0,0,0,3.25,0,0,0,0,1,3.425,0.75,0,0,0,3.2487628,0,0,0,0,1.00276
9.149199212,0.177985407,4.8,0.5,0,0,0,1.25,0,0,0,0,3.25,4.835,0.5199995,0,0,0,1.2357264,0,0,0,0,3.24747
14.09682888,0.112730791,2.6,0.25,0,0,0,0,0,0,0,3,1.75,3.535,0.25999928,0,0,0,0,0,0,0,2.9834723,1.7295309
15.84868121,0,3.4,0.5,0.25,0,0,0,0,0,0,1.25,3,3.615,0.52000046,0.2600006,0,0,0,0,0,0,1.2214221,2.9990802
12.14829144,0.009993,3.2,0.5,0,0,0,3,0,0,0,0,1.5,3.49,0.52000046,0,0,0,2.9996245,0,0,0,0,1.4995401
15.96699676,0,3.4,0.75,0.25,0,0,1,0,0,0,0.75,2.25,4.24,0.7600002,0.2600006,0,0,0.99655294,0,0,0,0.75087404,2.226311
14.96464734,0,1.8,0.5,0,0,0,0.5,0,0,0,1.5,2.5,2.385,0.60999966,0,0,0,0.49827647,0,0,0,1.511761,2.4747007
17.07591067,0.060075177,4.8,1,0,0,0,0.75,0,0,0,1.25,2,5.015,1,0,0,0,0.7474147,0,0,0,1.2614677,1.9963202
4.167450382,0.761299825,3.6,2.25,0.25,0.5,0,0,0,0,0,0,2,3.88,2.25,0.2420691,0.48213762,0,0,0,0,0,0,1.9779205
17.96476109,0.003442432,4.8,0.75,0,0,0,1,0,0,0,1.25,2,5.04,0.7600002,0,0,0,0.9666566,0,0,0,1.2013973,1.9871204
17.16532101,0,4,0.5,0,0,0,0.5,0,0,0,1.5,2.5,4.47,0.52000046,0,0,0,0.49827647,0,0,0,1.4917362,2.4839005
10.63749095,0.1421627,4.6,0.5,0,0,0,1.5,0,0,0,0,3,4.635,0.52999973,0,0,0,1.4948294,0,0,0,0,2.9990802
17.75269976,0.020514993,3.6,0.75,0,0,0,1,0,0,0,1.75,1.5,3.585,0.75,0,0,0,1.0164835,0,0,0,1.7320156,1.4903402
19.01888678,0.041210909,4,0.75,0,0,0,0.75,0,0,0,1.5,2,3.87,0.7400007,0,0,0,0.7474147,0,0,0,1.511759,1.9871204
16.12832879,0,4.6,0.5,0.25,0,0,0,0,0,0,1,3.25,4.415,0.5100002,0.26896548,0,0,0,0,0,0,0.9911525,3.2566698
4.106714864,0.465434389,3,0.25,1,0,0,3.5,0,0,0,0,0.25,2.715,0.27999973,1.013106,0,0,3.5078669,0,0,0,0,0.23919064
19.96387333,0,4.8,0.75,0,0,0,0,0,0,0,2.25,2,4.6,0.7600002,0,0,0,0,0,0,0,2.2225873,1.9687215
19.63117229,0,3.8,0.5,0,0,0,0,0,0,0,2.25,2.25,3.655,0.5100002,0,0,0,0,0,0,0,2.2125754,2.226311
15.88119703,0.213203271,4.6,0.25,0,0,0,3.5,0,0,0,0.5,0.75,4.49,0.26000023,0,0,0,3.497901,0,0,0,0.4805599,0.7451697
19.71613985,0.034323683,4,0.5,0,0,0,0,0,0,0,2.5,2,3.835,0.4800005,0,0,0,0,0,0,0,2.4828897,2.0055192
18.85296122,0,4.6,0.5,0,0,0,0,0,0,0,1.25,3.25,4.49,0.5100002,0,0,0,0,0,0,0,1.2314329,3.2290702
14.47056511,0,3.8,0.5,0,0,0,0,0,0,0,1.75,2.75,3.75,0.5099993,0,0,0,0,0,0,0,1.7320156,2.732291
18.88186491,0,4.6,0.75,0,0,0,0.5,0,0,0,1.75,2,4.635,0.7800007,0,0,0,0.49827647,0,0,0,1.7220048,1.9779214
18.86648563,0.010905971,4.8,0.75,0,0,0,0.75,0,0,0,1.5,2,4.785,0.7400007,0,0,0,0.7474147,0,0,0,1.4617025,1.9871204
17.50245862,0.213859469,4.6,1,0,0,0,0,0,0,0,2.5,1.5,4.59,1,0,0,0,0,0,0,0,2.4929025,1.4995393
18.71595517,0,4.4,0.5,0.25,0,0,0.25,0,0,0,1.75,2.25,4.37,0.5,0.2420691,0,0,0.24913824,0,0,0,1.7220048,2.2355108
16.91732672,0,4.4,0.75,0,0,0,0,0,0,0,1.5,2.75,4.37,0.7699995,0,0,0,0,0,0,0,1.4917362,2.7138913
18.83088873,0.012520789,4.6,1,0,0,0,0.5,0,0,0,1.5,2,4.56,1.0200005,0,0,0,0.49827647,0,0,0,1.4717144,2.0055192
15.57734009,0,2.8,0.5,0,0,0,0,0,0,0,2.25,2.25,2.83,0.5099993,0,0,0,0,0,0,0,2.2125764,2.2355108
11.00412153,0.160844373,3.6,1.75,0,0.25,0,1.5,0,0,0,0.5,1,3.59,1.7799997,0,0.24619853,0,1.4948294,0,0,0,0.4805599,1.011959
18.01081873,0,4.4,0.25,0,0,0,0,0,0,0,1.5,3.25,4.365,0.25999928,0,0,0,0,0,0,0,1.4717134,3.23827
4.478700074,0.570431783,2.8,2.25,0,0,0,0.25,0,0,0,1.75,0.75,2.815,2.2399998,0,0,0,0.24913824,0,0,0,1.7320166,0.75436956
16.65449889,0,5,0.5,0,0,0,0,0,0,0,1,3.5,4.99,0.5,0,0,0,0,0,0,0,0.9611188,3.4774616
5.19918197,0.310029573,3.4,1.25,0.25,0,0,0,0,0,0,2.5,1,3.39,1.25,0.26896632,0,0,0,0,0,0,2.4628668,0.9935602
15.3701511,0.075122083,4.6,0.5,0,0,0,1,0,0,0,0.25,3.25,4.62,0.5,0,0,0,0.99655294,0,0,0,0.22025569,3.24747
15.30402892,0.030415025,4.4,1,0,0,0,0.25,0,0,0,1.5,2.25,4.375,1,0,0,0,0.25910398,0,0,0,1.4717125,2.2355108
15.72778291,0.009770464,3.8,0.75,0,0,0,0.25,0,0,0,2,2,3.845,0.7600002,0,0,0,0.23917247,0,0,0,2.0123427,2.0423186
17.7046151,0,4.6,0.75,0,0,0,0.5,0,0,0,1.5,2.25,4.6,0.7600002,0,0,0,0.48831072,0,0,0,1.4817252,2.2447107
16.65196558,0.001816202,4.4,0.75,0,0,0,0.25,0,0,0,1.75,2.25,4.395,0.7600002,0,0,0,0.21924192,0,0,0,1.7320166,2.2539105
17.28181657,0.002238451,4,0.5,0,0,0,0.5,0,0,0,1.75,2.25,4.015,0.5100002,0,0,0,0.51820797,0,0,0,1.7420275,2.2355108
17.10640153,0,4,0.75,0,0,0,0.25,0,0,0,1.75,2.25,3.97,0.75,0,0,0,0.23917247,0,0,0,1.7320166,2.2355108
18.02321395,0.065724186,4.6,1,0,0,0,0.5,0,0,0,1.25,2.25,4.59,1.0100002,0,0,0,0.49827647,0,0,0,1.2214211,2.217111
12.59577837,0.316055183,4.8,0.5,0,0,0,3.75,0,0,0,0,0.75,4.835,0.5199995,0,0,0,3.7370737,0,0,0,0,0.7451697
12.67243765,0.09067683,3.4,1,0,0.25,0,0.25,0,0,0,1.75,1.75,3.385,1.0100002,0,0.23593907,0,0.24913824,0,0,0,1.7420275,1.7295309
17.9643743,0,4.4,0.25,0,0,0,0,0,0,0,2,2.75,4.405,0.27000046,0,0,0,0,0,0,0,1.972296,2.74149
19.91651608,0.046979746,4,0.75,0,0,0,0.25,0,0,0,2,2,4.015,0.7399998,0,0,0,0.24913824,0,0,0,1.9622842,1.9963202
17.1593212,0.070996595,3.2,0.75,0,0,0,0,0,0,0,2.25,2,3.205,0.75,0,0,0,0,0,0,0,2.272645,1.9963202
10.82397666,0.579920978,2.6,2.5,0,0,0,0.5,0,0,0,1.25,0.75,2.705,2.5200005,0,0,0,0.49827647,0,0,0,1.2314329,0.73597074
20.36501166,0.041884225,4,0.75,0,0,0,0.5,0,0,0,1.75,2,4.12,0.7699995,0,0,0,0.48831072,0,0,0,1.7119929,1.9963202
8.720636826,0.297367804,2.4,3.5,0,0,0,0.25,0,0,0,0.25,1,2.4,3.5100002,0,0,0,0.23917247,0,0,0,0.21024476,0.9935602
16.84976128,0.012235486,4.2,0.5,0,0,0,0.5,0,0,0,1.75,2.25,4.135,0.5199995,0,0,0,0.48831168,0,0,0,1.7320156,2.2079113
17.48334676,0,3.8,0.75,0,0,0,0.25,0,0,0,2,2,3.735,0.7600002,0,0,0,0.24913824,0,0,0,2.0123417,1.9871204
16.77098778,0.009856055,4,0.5,0,0,0,0.5,0,0,0,2,2,4.015,0.5100002,0,0,0,0.50824225,0,0,0,1.9823079,1.9779214
17.92726151,0,4.2,0.75,0,0,0,0.25,0,0,0,1.75,2.25,4.29,0.7399998,0,0,0,0.24913824,0,0,0,1.7420266,2.2355108
13.36449874,0,2.8,0.5,0.25,0,0,0,0,0,0,1.25,3,2.905,0.5300007,0.2600006,0,0,0,0,0,0,1.2414448,2.9806805
19.07558621,0,4.4,0.5,0,0,0,0.5,0,0,0,1.75,2.25,4.465,0.5,0,0,0,0.48831072,0,0,0,1.7220048,2.2355108
14.57659338,0.064965279,2.2,0.75,0,0,0,0.75,0,0,0,1.75,1.75,2.23,0.75,0,0,0,0.73744893,0,0,0,1.7520385,1.7479306
15.54378944,0,2.8,0.25,0,0,0,0.25,0,0,0,1.25,3.25,2.77,0.22999954,0,0,0,0.23917343,0,0,0,1.2314339,3.2382708
5.083328068,0.599196082,4.2,0.75,0,0,0,1.75,0,0,0,1.75,0.75,4.11,0.7600002,0,0,0,1.7439677,0,0,0,1.7320156,0.7267709
13.18091826,0.224056216,4.6,0.5,0,0,0,3.5,0,0,0,0,1,4.545,0.49000072,0,0,0,3.4979,0,0,0,0,0.98436123
10.59026464,0.158624712,3.6,1.5,0,0,0,0,0,0,0,0.25,3.25,3.515,1.5,0,0,0,0,0,0,0,0.22025569,3.2382708
8.143772237,0.173414845,3,1.75,0.25,0.25,0,0.75,0,0,0,0.25,1.75,2.99,1.7699995,0.26896632,0.2667145,0,0.73744893,0,0,0,0.23026854,1.7571295
3.879903233,0.355039053,4.8,0.75,0,0,0,0,0,0,0,3.25,1,4.81,0.7599993,0,0,0,0,0,0,0,3.2637994,0.9751614
15.32332879,0.112428369,3.8,1,0,0,0,0,0,0,0,2,2,3.745,1.0099993,0,0,0,0,0,0,0,2.0023317,2.00552
15.81498785,0,3.8,0.75,0,0,0,0.25,0,0,0,2,2,3.77,0.7599993,0,0,0,0.24913824,0,0,0,1.9823079,2.00552
17.28358733,0,3.8,0.5,0,0,0,0.5,0,0,0,2,2,3.795,0.5100002,0,0,0,0.48831072,0,0,0,1.9923198,1.9779205
16.56869655,0,5,0.5,0,0,0,0,0,0,0,1.75,2.75,4.995,0.47000027,0,0,0,0,0,0,0,1.7220048,2.732291
11.30756826,0.213585578,3.2,0.25,0,0,0,4,0,0,0,0,0.75,3.315,0.25,0,0,0,3.9862118,0,0,0,0,0.73597074
12.75209068,0.265099978,2.8,0.5,0,0,0,3.25,0,0,0,0.5,0.75,2.805,0.48999977,0,0,0,3.2387972,0,0,0,0.47054705,0.7267718
18.16870737,0,4.8,1.25,0,0,0,0,0,0,0,1.75,2,4.745,1.25,0,0,0,0,0,0,0,1.7220038,2.014719
9.958619451,0,2.4,1,0,0.25,0,0,0,0,0,1,2.75,2.405,1.0299997,0,0.2667145,0,0,0,0,0,0.9811426,2.7230911
17.97345209,0.001627902,4.6,0.5,0,0,0,0.5,0,0,0,1.25,2.75,4.575,0.5100002,0,0,0,0.49827647,0,0,0,1.2214221,2.74149
17.71593237,0,5,1,0,0,0,0,0,0,0,1.5,2.5,5.03,1.0100002,0,0,0,0,0,0,0,1.4717134,2.4839005
19.11763379,0,4,1,0,0,0,0,0,0,0,2,2,4.045,1.0100002,0,0,0,0,0,0,0,1.972297,1.9963202
18.01686087,0.011642054,4.6,0.75,0,0,0,0.5,0,0,0,1.25,2.5,4.65,0.7599993,0,0,0,0.48831168,0,0,0,1.2414448,2.5023
6.927039513,0.590374498,2.8,0.25,0,0,0,4.5,0,0,0,0,0.25,2.78,0.23999977,0,0,0,4.494454,0,0,0,0,0.23919064
18.83350191,0,4.6,1,0,0,0,0.25,0,0,0,1.25,2.5,4.565,1.0100002,0,0,0,0.25910398,0,0,0,1.2214221,2.4839005
13.785186,0,3.2,0.5,0,0,0,0,0,0,0,1.75,2.75,3.165,0.5100002,0,0,0,0,0,0,0,1.7220048,2.7414908
12.02000763,0,2,0.5,0,0,0,0,0,0,0,2.25,2.25,1.955,0.5199995,0,0,0,0,0,0,0,2.2325993,2.22631
16.62373962,0.022865894,4.6,0.75,0,0,0,0.25,0,0,0,1.25,2.75,4.575,0.7400007,0,0,0,0.2890003,0,0,0,1.2314329,2.7414908
10.07364629,0.074483003,3.6,1.75,0.25,0.25,0,0.5,0,0,0,0.5,1.75,3.56,1.75,0.26896632,0.24619755,0,0.49827647,0,0,0,0.5206055,1.7387298
17.3329773,0,4.8,0.5,0,0,0,0.5,0,0,0,1.25,2.75,5.21,0.5199995,0,0,0,0.4783459,0,0,0,1.2714795,2.73229
15.70335906,0,4,0.25,0,0,0,0,0,0,0,1.5,3.25,4.3,0.26000023,0,0,0,0,0,0,0,1.4817252,3.229071
13.24546908,0,2,0.5,0,0,0,0,0,0,0,2,2.5,1.985,0.5,0,0,0,0,0,0,0,1.972296,2.5023
17.72840599,0,4.8,0.75,0,0,0,0.5,0,0,0,1.25,2.5,4.795,0.7600002,0,0,0,0.47834495,0,0,0,1.2414448,2.4931002
13.22061831,0,3,0.5,0,0,0,0,0,0,0,0.75,3.75,2.915,0.5100002,0,0,0,0,0,0,0,0.73085123,3.7442498
13.82600039,0.11133851,4,0.75,0.25,0,0,2.25,0,0,0,0,1.75,3.92,0.7600002,0.25103486,0,0,2.25221,0,0,0,0,1.7387298
11.21595007,0.171440545,3.8,2.25,0,0.25,0,0,0,0,0,0.5,2,3.835,2.2600002,0,0.2667145,0,0,0,0,0,0.4905708,2.00552
18.55029939,0.031955664,4.6,1.5,0,0,0,0,0,0,0,1.75,1.75,4.595,1.5600004,0,0,0,0,0,0,0,1.7420275,1.7479297
15.03159933,0.05657165,3.2,0.5,0,0,0,2.5,0,0,0,0.25,1.75,3.175,0.5100002,0,0,0,2.4913824,0,0,0,0.22025569,1.7479306
20.00551986,0.098579737,4.4,1.5,0,0,0,0,0,0,0,1.75,1.75,4.32,1.5,0,0,0,0,0,0,0,1.7320166,1.7203311
16.8900794,0.074055048,4.4,1,0,0,0,0,0,0,0,2.25,1.75,4.43,1.0100002,0,0,0,0,0,0,0,2.262635,1.7387298
15.89815906,0.001114355,4.8,0.5,0,0,0,0.5,0,0,0,1.25,2.75,4.745,0.5199995,0,0,0,0.48831072,0,0,0,1.2314339,2.7230911
15.82038706,0.023835926,4.6,0.75,0,0,0,0.5,0,0,0,1,2.75,4.54,0.75,0,0,0,0.50824225,0,0,0,0.9911535,2.7138913
16.31749813,0,5,0.5,0,0,0,0.5,0,0,0,1.25,2.75,4.9,0.5,0,0,0,0.5082413,0,0,0,1.2314339,2.74149
14.08708725,0.107743685,3.4,0.5,0,0,0,3,0,0,0,0.5,1,3.28,0.5100002,0,0,0,3.019556,0,0,0,0.4905708,0.9935602
14.64081808,0,3.4,0.75,0,0,0,0,0,0,0,1.5,2.75,3.4,0.75,0,0,0,0,0,0,0,1.4717134,2.732291
13.03498283,0.072263342,2.6,0.5,0.5,0,0,2,0,0,0,0.25,1.75,2.61,0.5,0.50207055,0,0,1.9931059,0,0,0,0.22025569,1.7479306
10.79953582,0.026563428,1.6,1,0,0,0,0,0,0,0,1.75,2.25,1.545,1.0299997,0,0,0,0,0,0,0,1.7620513,2.2447107
14.89615082,0.034996999,3.2,0.75,0,0,0,0.5,0,0,0,0.75,3,3.14,0.75,0,0,0,0.49827647,0,0,0,0.78090775,2.9990802
8.84692626,0.720119118,3.8,0.75,0,0,0,4,0,0,0,0,0.25,3.745,0.72999954,0,0,0,4.006143,0,0,0,0,0.26678842
18.17936649,0.001548017,5,0.75,0,0,0,0.25,0,0,0,1.25,2.75,4.97,0.7400007,0,0,0,0.2890003,0,0,0,1.2514558,2.732291
6.100626675,0.363820695,1.4,1,0,0,0,1.25,0,0,0,0,2.75,1.42,0.9900007,0,0,0,1.2357254,0,0,0,0,2.732291
11.98580364,0.364008995,3.4,0.5,0,0,0,4,0,0,0,0,0.5,3.405,0.49000168,0,0,0,4.006142,0,0,0,0,0.53358036
12.57423903,0.419860008,3.6,0.25,0,0,0,4,0,0,0,0.25,0.5,3.645,0.23999977,0,0,0,4.016109,0,0,0,0.23026758,0.49678096
2.159668978,0,3.2,0.75,0,0,0,0.25,0,0,0.25,1.5,2.25,3.155,0.7399998,0,0,0,0.24913824,0,0,0.24015106,1.4717125,2.2447107
16.21530034,0,4.8,0.5,0,0,0,0.5,0,0,0,1.25,2.75,4.745,0.5,0,0,0,0.50824225,0,0,0,1.2114102,2.73229
12.96069209,0.038951305,4,2,0.5,0,0,0,0,0,0,0.5,2,4.055,2.0199995,0.50207055,0,0,0,0,0,0,0.4805599,1.9871212
15.32835827,0,4.6,1,0,0,0,0.25,0,0,0,1.25,2.5,4.64,1,0,0,0,0.22920673,0,0,0,1.2214221,2.4655015
11.56424765,0,2.4,0.75,0,0,0,0,0,0,0,1,3.25,2.425,0.7599993,0,0,0,0,0,0,0,1.0011663,3.23827
17.00118135,0,5,0.5,0.25,0,0,0,0,0,0,2,2.25,4.925,0.5100002,0.2600006,0,0,0,0,0,0,1.972295,2.2447097
17.57367819,0,4,0.5,0,0,0,0,0,0,0,2.25,2.25,3.94,0.5,0,0,0,0,0,0,0,2.2225864,2.2447107
12.5706509,0,3.4,0.5,0,0,0,0,0,0,0,0.75,3.75,3.385,0.48999977,0,0,0,0,0,0,0,0.74086213,3.72585
12.38613787,0.098944925,2.6,0.75,0,0,0,3,0,0,0,0.25,1,2.61,0.7600002,0,0,0,2.9996245,0,0,0,0.22025761,0.98436034
15.60063281,0,3.8,0.75,0,0,0,0,0,0,0,1.25,3,3.76,0.7399998,0,0,0,0,0,0,0,1.2314329,2.9990802
8.289634973,0.254258445,3.4,0.5,0,0.25,0,0,0,0,0,2.75,1.5,3.405,0.52000046,0,0.2256806,0,0,0,0,0,2.733181,1.5087391
12.84843633,0.232917743,3.6,3,0,0,0,0.25,0,0,0,0.5,1.25,3.62,3,0,0,0,0.26906976,0,0,0,0.4905708,1.2051522
15.6341959,0.17445335,3.4,0.5,0,0,0,3,0,0,0,0.5,1,3.38,0.4800005,0,0,0,2.9796932,0,0,0,0.470548,0.98436034
12.36499058,0.260957371,3.2,1,0,0,0,3,0,0,0,0,1,3.18,1,0,0,0,2.9996235,0,0,0,0,1.011959
15.30538667,0.097387168,4.4,1,0,0,0,0,0,0,0,2.25,1.75,4.425,1.0099993,0,0,0,0,0,0,0,2.2225873,1.7663294
12.32170077,0.148935805,3,1.25,0,0.25,0,0,0,0,0,2,1.5,2.98,1.2400007,0,0.23593907,0,0,0,0,0,1.972295,1.4995401
16.90478875,0,4.6,0.5,0,0,0,0.5,0,0,0,1.25,2.75,4.615,0.5199995,0,0,0,0.46838015,0,0,0,1.2214221,2.7506897
15.73150123,0.002358279,4.8,1.25,0,0,0,0.25,0,0,0,1.25,2.25,4.74,1.2600002,0,0,0,0.23917247,0,0,0,1.2214211,2.2539105
13.88704993,0,4,0.5,0.5,0,0,0,0,0,0,1.25,2.75,4.055,0.5199995,0.50207055,0,0,0,0,0,0,1.2314339,2.732291
7.165676826,0.829167822,3.6,0.5,0,0,0,4,0,0,0,0.25,0.25,3.555,0.5199995,0,0,0,3.976247,0,0,0,0.23026854,0.2483896
18.13856221,0.068348978,3.8,0.5,0,0,0,0,0,0,0,2.75,1.75,3.765,0.48999977,0,0,0,0,0,0,0,2.7431939,1.7571295
8.549475652,0.235770778,3.2,0.25,0,0,0,1,0,0,0,0,3.75,3.235,0.27000046,0,0,0,0.97662145,0,0,0,0,3.7626488
14.8068525,0.032885753,4.2,0.75,0,0,0,0.75,0,0,0,0.5,3,4.14,0.7599993,0,0,0,0.7573805,0,0,0,0.4805599,2.9990802
18.93140087,0.083413003,4,0.5,0,0,0,0.75,0,0,0,2,1.75,4.01,0.5,0,0,0,0.73744893,0,0,0,1.9823079,1.7387298
11.27300711,0.005450969,2.8,1,0.25,0.25,0,0,0,0,0,1.5,2,2.79,1.0100002,0.25103486,0.22568157,0,0,0,0,0,1.4917371,1.9871204
15.75174231,0,4.6,1.25,0,0,0,0,0,0,0,1.25,2.5,4.62,1.29,0,0,0,0,0,0,0,1.2514567,2.4839005
12.96141619,0.100787986,4.2,0.5,0,0,0,3,0,0,0,0,1.5,4.17,0.5,0,0,0,2.9896588,0,0,0,0,1.4995401
11.51491178,0.60881081,4,1,0,0,0,3,0,0,0,0.5,0.5,4.08,0.9800005,0,0,0,2.9796932,0,0,0,0.48055893,0.48758113
14.05856753,0.043282213,4.4,1.75,0,0,0,0,0,0,0,1.5,1.75,4.32,1.7699995,0,0,0,0,0,0,0,1.4717125,1.7387308
15.38459606,0.012486553,4.6,1.75,0,0,0,0,0,0,0,1.5,1.75,4.57,1.7399998,0,0,0,0,0,0,0,1.4817243,1.7203311
14.63075266,0.051635899,4.8,1.75,0,0,0,0,0,0,0,1.25,2,4.795,1.75,0,0,0,0,0,0,0,1.2314339,1.9963202
16.5891412,0,4.4,0.75,0,0,0,0,0,0,0,2.25,2,4.405,0.77999973,0,0,0,0,0,0,0,2.2325993,1.9871204
10.95706951,0.155651849,2.2,1.25,0.25,0,0,2.25,0,0,0,0.25,1,2.35,1.25,0.2420691,0,0,2.25221,0,0,0,0.22025761,1.0211588
15.07325044,0,4.2,0.5,0,0,0,0,0,0,0,1.75,2.75,4.325,0.5,0,0,0,0,0,0,0,1.7220057,2.73229
16.42470005,0,5,0.5,0,0,0,0.25,0,0,0,1.25,3,4.985,0.5100002,0,0,0,0.24913824,0,0,0,1.2214221,2.9898803
12.93099941,0,4.6,0.5,0,0.25,0,0,0,0,0,1.75,2.5,4.64,0.4800005,0,0.25645602,0,0,0,0,0,1.7320166,2.4655015
6.833977828,0.150345204,3.6,1.25,0,0,0,0.5,0.25,0,0,1.5,1.5,3.56,1.2600002,0,0,0,0.47834495,0.2507447,0,0,1.4817243,1.4995401
16.92280884,0.028554846,2.8,0.5,0,0,0,1,0,0,0,1.5,2,2.745,0.52000046,0,0,0,1.0065178,0,0,0,1.4717134,1.9963202
14.18157923,0.073461617,3.2,0.75,0,0,0,2.25,0,0,0,0.5,1.5,3.135,0.7399998,0,0,0,2.2422442,0,0,0,0.47054896,1.5087391
14.35305588,0.046061069,2.8,1,0.25,0,0,0,0,0,0,1.75,2,2.76,1.0100002,0.26896632,0,0,0,0,0,0,1.7220038,1.9871204
4.952964215,0.346206057,3,2,0.25,0,0,1,0.25,0,0,0.5,1,2.995,2.0200005,0.26896632,0,0,0.99655294,0.26077473,0,0,0.50058365,1.00276
12.6411222,0.111258625,3.2,1,0,0,0,2.25,0,0,0,0.5,1.25,3.315,1,0,0,0,2.2422442,0,0,0,0.5005827,1.2419498
13.31460012,0.232923449,3.4,0.5,0,0,0,3.25,0,0,0,0.5,0.75,3.485,0.49000072,0,0,0,3.2587276,0,0,0,0.4805599,0.7543704
13.40268588,0,2.8,0.5,0,0,0,0.25,0,0,0,1.5,2.75,2.795,0.5100002,0,0,0,0.25910398,0,0,0,1.4917371,2.7506897
13.42290468,0.349298747,4,2,0,0,0,1.75,0,0,0,0.5,0.75,3.985,2.0299997,0,0,0,1.7340028,0,0,0,0.4905708,0.7451706
14.10106044,0.00343102,2.8,0.5,0,0,0,1,0,0,0,0.75,2.75,2.76,0.5,0,0,0,0.99655294,0,0,0,0.7208393,2.732291
14.94787946,0,3.2,0.5,0,0,0,0,0,0,0,1.75,2.75,3.185,0.52000046,0,0,0,0,0,0,0,1.7620504,2.732291
18.09578471,0.016520744,4,0.5,0,0,0,0,0,0,0,2.5,2,3.97,0.5100002,0,0,0,0,0,0,0,2.4828897,2.0055192
16.54073859,0,3,0.25,0,0,0,0,0,0,0,2.25,2.5,2.985,0.26000023,0,0,0,0,0,0,0,2.2325993,2.4931002
17.44380712,0.061222097,4.6,1,0,0,0,0.5,0,0,0,1.25,2.25,4.59,1.0299997,0,0,0,0.50824225,0,0,0,1.2414448,2.2539105
15.97616839,0,3.6,0.25,0,0,0,0,0,0,0,1.25,3.5,3.715,0.26000023,0,0,0,0,0,0,0,1.2514567,3.4958603
16.37486078,0,4.6,0.5,0,0,0,0,0,0,0,1.25,3.25,4.68,0.52000046,0,0,0,0,0,0,0,1.221423,3.23827
18.04060019,0,5,0.25,0,0,0,0,0,0,0,2,2.75,5.015,0.25,0,0,0,0,0,0,0,1.9923198,2.732291
18.88744209,0.025376565,4.2,0.75,0,0,0,0,0,0,0,2.25,2,4.275,0.7699995,0,0,0,0,0,0,0,2.2325983,2.0239189
15.19308633,0,3.2,0.25,0,0,0,0,0,0,0,1,3.75,3.145,0.25,0,0,0,0,0,0,0,1.0011654,3.72585
15.3221371,0.050945465,4.2,1.25,0,0,0,0.5,0,0,0,1.5,1.75,4.215,1.25,0,0,0,0.49827647,0,0,0,1.5017481,1.7387298
15.64729397,0.05889402,4.4,1,0,0,0,0.5,0,0,0,1.5,2,4.375,0.9900007,0,0,0,0.5082413,0,0,0,1.4817243,1.9963202
15.91219166,0.104970535,4.6,0.75,0,0,0,0.75,0,0,0,1.25,2.25,4.625,0.80999947,0,0,0,0.7573805,0,0,0,1.2414458,2.2355108
15.72848308,0.091840868,4.6,1,0,0,0,0.75,0,0,0,1.25,2,4.545,1.0100002,0,0,0,0.7474147,0,0,0,1.221423,1.9779205
16.11625481,0.025838757,4,0.75,0,0,0,0,0,0,0,2.25,2,3.94,0.7600002,0,0,0,0,0,0,0,2.2325983,2.0055192
13.58905982,0.390759051,3.8,0.5,0,0,0,3.25,0,0,0,0.5,0.75,3.825,0.5,0,0,0,3.2587276,0,0,0,0.50058365,0.7451697
17.65511222,0.068657106,4.6,1.25,0,0,0,0.5,0,0,0,1.25,2,4.61,1.2700005,0,0,0,0.48831072,0,0,0,1.2214221,2.014719
9.972576594,0.129301218,2.8,1.5,0,0.25,0,0.5,0,0,0,1.25,1.5,2.84,1.5099993,0,0.25645602,0,0.49827647,0,0,0,1.2414439,1.4995401
16.62123345,0.033450654,3.8,1,0,0,0,0,0,0,0,1.75,2.25,3.735,1,0,0,0,0,0,0,0,1.7420275,2.2539096
18.00113791,0.056565944,3.8,0.25,0.25,0,0,1,0,0,0,1.5,2,3.755,0.27000046,0.2420691,0,0,0.99655294,0,0,0,1.4717125,1.9871204
13.60485435,0.159908577,2.8,0.5,0,0,0,3.25,0,0,0,0.25,1,2.885,0.50000095,0,0,0,3.2487628,0,0,0,0.23026758,0.98436123
17.84104414,0.128873263,4.4,1.25,0,0,0,0.5,0,0,0,1.5,1.75,4.89,1.2400007,0,0,0,0.48831072,0,0,0,1.4717134,1.7479306
14.91921663,0.128490956,3.2,0.75,0,0,0,2.25,0,0,0,0.5,1.5,3.335,0.75,0,0,0,2.25221,0,0,0,0.46053612,1.4811404
15.63352188,0.15133806,3.2,1,0,0,0,2,0,0,0,0.5,1.5,3.185,0.9899998,0,0,0,2.0030715,0,0,0,0.48055893,1.50874
10.38702212,0.12539256,3.2,1,0,0,0,0.75,0,0,0,0.25,3,3.1,1,0,0,0,0.7573805,0,0,0,0.24027947,2.9990811
12.20554804,0,4.4,0.5,0,0,0,0,0,0,0,0.5,4,4.41,0.5,0,0,0,0,0,0,0,0.52060646,3.9926405
17.81710144,0.078431604,4.4,0.75,0,0,0,0.25,0,0,0,2.25,1.75,4.34,0.7599993,0,0,0,0.24913824,0,0,0,2.2325983,1.7571295
12.73751089,0,3.6,0.5,0,0,0,0,0,0,0,1,3.5,3.55,0.5100002,0,0,0,0,0,0,0,0.9711297,3.4958603
13.22837477,0.556857043,3.8,0.5,0,0,0,3.25,0,0,0,0.5,0.75,3.73,0.4699993,0,0,0,3.2587276,0,0,0,0.4905708,0.75436956
17.21845701,0.024412239,4.6,0.75,0,0,0,0,0,0,0,2.25,2,4.585,0.75,0,0,0,0,0,0,0,2.2125764,1.9779205
17.64790358,0.032874341,4.2,1,0,0,0,0.5,0,0,0,1.5,2,4.175,1.0199995,0,0,0,0.4783459,0,0,0,1.4817252,1.9963202
16.49062638,0.012395256,3.6,0.75,0,0,0,0.25,0,0,0,2,2,3.53,0.75,0,0,0,0.25910398,0,0,0,1.9923189,1.9871204
9.14411649,0.223240248,4,0.25,0,0,0,1,0,0,0,0,3.75,4.04,0.26000023,0,0,0,1.0164835,0,0,0,0,3.7442498
8.386707631,0,3.6,0.5,0,0.25,0,0,0,0,0,2.25,2,3.55,0.53999996,0,0.25645602,0,0,0,0,0,2.2426112,1.9963202
10.42102733,0,3.4,0.25,0,0,0,0,0,0,0,1.25,3.5,3.4,0.25999928,0,0,0,0,0,0,0,1.2314329,3.4866605
12.22086873,0,4,0.75,0,0,0,0,0,0,0,2,2.25,3.985,0.7600002,0,0,0,0,0,0,0,1.982307,2.2355108
13.89710908,0,4.2,1,0,0,0,0.25,0,0,0,2,1.75,4.14,1,0,0,0,0.23917247,0,0,0,1.9923189,1.7479297
14.00248,0,3.8,0.5,0,0,0,0.25,0,0,0,1.75,2.5,3.8,0.5099993,0,0,0,0.24913824,0,0,0,1.7220048,2.5023
13.75452958,0,4.6,1.25,0,0,0,0.5,0,0,0,1.25,2,4.65,1.29,0,0,0,0.51820797,0,0,0,1.2314329,1.9779205
14.33969791,0,4.8,1,0,0,0,0.75,0,0,0,1.25,2,4.795,1.0100002,0,0,0,0.7474147,0,0,0,1.2514567,1.9871204
14.72052995,0,4.8,0.75,0,0,0,0.75,0,0,0,1.25,2.25,4.785,0.77000046,0,0,0,0.7474147,0,0,0,1.221423,2.2355099
15.13489821,0.066819751,4.4,1,0,0,0,0.5,0,0,0,1.75,1.75,4.35,1.0200005,0,0,0,0.50824225,0,0,0,1.7620513,1.7571295
15.60457672,0,4.2,0.75,0,0,0,0,0,0,0,2.25,2,4.165,0.78999996,0,0,0,0,0,0,0,2.2125745,2.00552
15.30028947,0,4,0.75,0,0,0,0,0,0,0,2.25,2,3.975,0.7600002,0,0,0,0,0,0,0,2.2426093,1.9779214
17.23446925,0,4,0.5,0,0,0,0.25,0,0,0,2.25,2,3.985,0.5100002,0,0,0,0.23917247,0,0,0,2.2426112,2.0055192
13.08376666,0,3.8,0.5,0,0,0,0,0,0,0,1,3.5,3.79,0.5199995,0,0,0,0,0,0,0,0.99115443,3.4866605
14.27472628,0,3.8,0.5,0,0,0,1.25,0,0,0,0.75,2.5,3.795,0.5,0,0,0,1.2456912,0,0,0,0.7408631,2.5022993
15.30395746,0,3.6,0.75,0,0,0,0,0,0,0,1.75,2.5,3.625,0.8000002,0,0,0,0,0,0,0,1.7320156,2.4747014
15.57916634,0,3.6,0.75,0,0,0,0.25,0,0,0,1.25,2.75,3.595,0.7600002,0,0,0,0.23917247,0,0,0,1.2314329,2.7230911
15.28476488,0.04417236,3.2,0.25,0,0,0,0,0,0,0,2.75,2,3.37,0.28999996,0,0,0,0,0,0,0,2.723169,1.9779205
13.81420043,0.074420237,3.2,1,0,0,0,2,0,0,0,0.5,1.5,3.23,1.0200005,0,0,0,1.9931059,0,0,0,0.49057177,1.4903402
14.1212433,0.255057295,3.6,0.5,0,0,0,3,0,0,0,0.5,1,3.575,0.5100002,0,0,0,2.9896588,0,0,0,0.470548,0.98436034
14.54417333,0.037239484,4.8,1.25,0,0,0,0.5,0,0,0,1.25,2,4.785,1.2600002,0,0,0,0.49827647,0,0,0,1.2714795,1.9963202
15.98232483,0.017821728,4,0.5,0,0,0,0,0,0,0,2.5,2,3.99,0.5099993,0,0,0,0,0,0,0,2.4929025,1.9779214
16.47997549,0.08966115,4.8,0.75,0,0,0,0.75,0,0,0,1.25,2.25,4.79,0.7600002,0,0,0,0.73744893,0,0,0,1.2414448,2.217111
17.01950327,0.061729937,4,0.25,0,0,0,0.25,0,0,0,2.5,2,3.97,0.27000046,0,0,0,0.23917247,0,0,0,2.4628658,1.9687215
17.22408824,0.007311147,4.6,0.5,0,0,0,0.75,0,0,0,1.5,2.25,4.57,0.5,0,0,0,0.7573805,0,0,0,1.4817252,2.2447107
11.45023491,0.17754604,2.2,2.25,0,0,0,1.25,0,0,0,0.5,1,2.195,2.2600002,0,0,0,1.2456912,0,0,0,0.4805599,0.9659606
16.38523162,0,3.4,0.5,0,0,0,0,0,0,0,2,2.5,3.405,0.53999996,0,0,0,0,0,0,0,1.9823079,2.4655015
18.34559116,0.031065517,4.8,0.5,0,0,0,0.75,0,0,0,1.5,2.25,4.835,0.5,0,0,0,0.73744893,0,0,0,1.4817243,2.2355108
11.22688398,0.161272328,4.4,0.5,0,0,0,2,0,0,0,0,2.5,4.395,0.52000046,0,0,0,1.9931059,0,0,0,0,2.5114992
14.24958321,0.173215133,3.6,1.5,0.25,0,0,1.25,0,0,0,0.25,1.75,3.56,1.5100002,0.26896632,0,0,1.2656227,0,0,0,0.2502923,1.7479297
17.62850884,0.050129497,4.6,1.25,0,0,0,1,0,0,0,1,1.75,4.59,1.2600002,0,0,0,1.0065187,0,0,0,0.9911535,1.7387298
11.86313858,0,3.6,0.25,0,0.25,0,0.25,0,0,0,1,3.25,3.585,0.25,0,0.24619755,0,0.22920766,0,0,0,0.9911525,3.2474706
8.345345215,0.255981678,3.6,0.5,0,0,0,0,0,0,0,3,1.5,3.6,0.5199995,0,0,0,0,0,0,0,2.9934852,1.517939
16.78527171,0.023790277,4.2,0.25,0,0,0,0.5,0,0,0,0.75,3.5,4.205,0.25,0,0,0,0.50824225,0,0,0,0.7308503,3.4682617
15.88721401,0.037382136,4.6,1,0,0,0,0.5,0,0,0,1.5,2,4.655,1.0100002,0,0,0,0.51820797,0,0,0,1.5217708,2.014719
16.27715061,0.076953732,4.6,0.75,0,0,0,0.75,0,0,0,1.25,2.25,4.595,0.7600002,0,0,0,0.7573805,0,0,0,1.2414458,2.2355099
17.41116634,0.050420506,4.8,0.75,0,0,0,0.75,0,0,0,1.25,2.25,4.77,0.7599993,0,0,0,0.7374499,0,0,0,1.2414458,2.2355108
16.89400627,0.059133675,4.6,1,0,0,0,0.75,0,0,0,1.25,2,4.56,0.9899998,0,0,0,0.7474147,0,0,0,1.2514567,1.9871204
17.53485278,0.058534538,4.8,0.5,0,0,0,0.75,0,0,0,1.5,2.25,4.785,0.48999977,0,0,0,0.72748417,0,0,0,1.4917362,2.2355108
4.432870348,0.069307598,2.8,1.25,0.25,0,0,0.25,0.25,0,0,1,2,2.825,1.2600002,0.2510357,0,0,0.23917247,0.21062559,0,0,0.97113067,1.9963193
16.0541959,0,4.4,0.25,0,0,0,0,0,0,0,1.25,3.5,4.425,0.26000023,0,0,0,0,0,0,0,1.2214211,3.5050592
12.674152,0,4.4,0.5,0,0,0,0,0,0,0,0.5,4,4.4,0.5,0,0,0,0,0,0,0,0.46053612,3.9926395
14.80659472,0.047630238,3.8,0.5,0.25,0,0,0,0,0,0,2.25,2,3.795,0.5,0.25103486,0,0,0,0,0,0,2.2325993,1.9779205
14.27127442,0.138025799,3.2,1,0,0,0,2,0,0,0,0.5,1.5,3.24,1.0199995,0,0,0,1.9931059,0,0,0,0.5005827,1.4903402
11.28034136,0.061866883,2.2,0.5,0,0,0,1.5,0,0,0,0.25,2.75,2.19,0.5100002,0,0,0,1.5047952,0,0,0,0.26030323,2.74149
17.94408642,0.03479158,4.4,0.5,0,0,0,0.25,0,0,0,2.25,2,4.38,0.5,0,0,0,0.25910398,0,0,0,2.272645,1.9963202
11.23626885,0.006415294,4,0.75,0,0.25,0,0,0,0,0,1,3,3.98,0.7600002,0,0.24619755,0,0,0,0,0,0.9911535,2.9806814
18.65385054,0,4.2,0.5,0,0,0,0.25,0,0,0,2,2.25,4.26,0.5099993,0,0,0,0.22920766,0,0,0,1.9823079,2.2447097
15.13665125,0.052714346,4.8,0.75,0,0,0,0.75,0,0,0,1.25,2.25,4.825,0.7600002,0,0,0,0.7573805,0,0,0,1.2614686,2.2539096
14.80851634,0.101786548,4.6,1.25,0,0,0,0.5,0,0,0,1.25,2,4.605,1.29,0,0,0,0.47834495,0,0,0,1.2114102,1.9779205
12.52236856,0.000663576,2.8,0.5,0,0,0,0.25,0,0,0,1,3.25,2.845,0.5,0,0,0,0.24913824,0,0,0,0.9911535,3.2566698
13.74483778,0,3.4,0.5,0,0,0,0.25,0,0,0,0.75,3.5,3.785,0.5100002,0,0,0,0.25910398,0,0,0,0.75087404,3.4866605
9.742254276,0.800215222,4,0.75,0,0,0,3,0,0,0,0.75,0.5,4.03,0.77999973,0,0,0,2.9996245,0,0,0,0.72083837,0.48758113
16.03839495,0,4.8,0.5,0,0,0,0,0,0,0,1,3.5,4.84,0.5,0,0,0,0,0,0,0,0.9911535,3.4682617
13.50744602,0.013604943,3.2,0.75,0.25,0,0,0,0,0,0,0.5,3.5,3.24,0.7600002,0.26896548,0,0,0,0,0,0,0.47054705,3.4958603
16.32089134,0.017154118,3.2,0.75,0,0,0,0,0,0,0,2,2.25,3.215,0.77999973,0,0,0,0,0,0,0,1.9823079,2.2539096
15.10575088,0.252843339,4.8,1.5,0.25,0,0,2,0,0,0,0.25,1,4.735,1.5100002,0.25103486,0,0,1.9931059,0,0,0,0.22025666,0.98436123
9.778203849,0.472121903,3,2,0,0,0,1.25,0,0,0,0,1.75,3.05,2,0,0,0,1.255657,0,0,0,0,1.7295309
19.75236696,0.168929874,4,0.75,0,0,0,0.25,0,0,0,2.25,1.75,3.945,0.75,0,0,0,0.24913824,0,0,0,2.2325983,1.7479297
13.91732907,0.115115928,3.6,0.75,0.5,0,0,0.25,0,0,0,0.5,3,3.545,0.75,0.5110363,0,0,0.25910303,0,0,0,0.4805599,2.9990792
4.006910855,0.943254985,3.8,0.5,0,0,0,3.75,0,0,0,0.5,0.25,3.745,0.52000046,0,0,0,3.7470393,0,0,0,0.49057177,0.2483896
12.12016933,0.460806767,2.8,0.75,0,0,0,3.75,0,0,0,0,0.5,2.69,0.7699995,0,0,0,3.7470393,0,0,0,0,0.4783804
10.87086746,0.197483048,3.6,0.5,0,0,0,2.5,0,0,0,0,2,3.545,0.5100002,0,0,0,2.4913824,0,0,0,0,1.9871204
17.83618752,0.105084657,4.6,0.5,0,0,0,0.75,0,0,0,1.5,2.25,4.58,0.4800005,0,0,0,0.75737953,0,0,0,1.5017481,2.2447097
17.59311961,0,5,0.25,0,0,0,0,0,0,0,2,2.75,4.95,0.26000023,0,0,0,0,0,0,0,1.972296,2.74149
14.27433505,0.144582073,3.2,1.25,0,0,0,1.75,0,0,0,0.5,1.5,3.15,1.2599993,0,0,0,1.7539334,0,0,0,0.4905708,1.4995401
12.70635516,0,2.4,0.25,0,0,0,0,0,0,0,1.5,3.25,2.38,0.2300005,0,0,0,0,0,0,0,1.4817252,3.23827
15.47064039,0.158738833,4.2,1.75,0,0,0,1.25,0,0,0,0.5,1.5,4.175,1.7700005,0,0,0,1.2357254,0,0,0,0.4905708,1.4811404
19.91887719,0.01015277,4.6,0.5,0,0,0,0.25,0,0,0,2,2.25,4.61,0.5,0,0,0,0.23917343,0,0,0,1.9823079,2.2355108
4.318448935,0.15685583,3.2,1,0,0,0,1.75,0,0,0,0.5,1.75,3.225,1.0200005,0,0,0,1.7340019,0,0,0,0.470548,1.7295309
19.334737,0.032982756,4.8,0.75,0,0,0,0.75,0,0,0,1.25,2.25,4.785,0.7400007,0,0,0,0.73744893,0,0,0,1.2114102,2.2539105
3.790928027,0.996270082,3.6,0.75,0,0,0,3.5,0,0,0,0.5,0.25,3.57,0.77000046,0,0,0,3.4879353,0,0,0,0.5206055,0.24839048
18.65545314,0.047567471,3.8,0.75,0,0,0,0,0,0,0,2,2.25,3.825,0.77000046,0,0,0,0,0,0,0,1.972296,2.226311
9.748412984,0.050899816,2.6,1,0,0.25,0,0,0,0,0,1,2.75,2.61,1.0199995,0,0.24619853,0,0,0,0,0,0.9911535,2.7230911
19.15450966,0.201888134,4,0.5,0,0,0,0,0,0,0,2.75,1.75,3.985,0.4800005,0,0,0,0,0,0,0,2.733182,1.7387298
14.23813462,0.653266802,3.8,0.5,0.25,0,0,3.75,0,0,0,0,0.5,3.84,0.5100002,0.2600006,0,0,3.7470393,0,0,0,0,0.4967801
14.51652251,0.139612086,3.2,1,0,0,0,2,0,0,0,0.5,1.5,3.26,1.0200005,0,0,0,1.9731743,0,0,0,0.52060646,1.50874
18.17459414,0.061102269,4.6,0.75,0,0,0,0.75,0,0,0,1.25,2.25,4.56,0.7399998,0,0,0,0.7374499,0,0,0,1.2714804,2.2447097
18.85626263,0.032303734,4.6,1,0,0,0,0.5,0,0,0,1.5,2,4.525,0.9899998,0,0,0,0.49827647,0,0,0,1.5017481,1.9871204
18.47405883,0.011550757,4.8,0.5,0,0,0,0.75,0,0,0,1.5,2.25,4.725,0.5099993,0,0,0,0.7374499,0,0,0,1.5017481,2.2355108
14.13619512,0.013816067,2.6,0.5,0,0,0,0.75,0,0,0,0.75,3,2.62,0.5199995,0,0,0,0.7474147,0,0,0,0.73085123,2.9898803
14.57887225,0.300089599,4.6,0.5,0,0,0,3.5,0,0,0,0.25,0.75,4.68,0.49000072,0,0,0,3.507866,0,0,0,0.22025569,0.7451706
15.4617332,0.300899861,4.8,0.5,0,0,0,3.5,0,0,0,0.25,0.75,4.785,0.5,0,0,0,3.4879353,0,0,0,0.23026758,0.7267709
19.27765683,0.061033796,4,0.5,0,0,0,0,0,0,0,2.5,2,4.005,0.5099993,0,0,0,0,0,0,0,2.4628668,1.9871204
16.93279907,0,5,0.75,0,0,0,0,0,0,0,1,3.25,5.01,0.75,0,0,0,0,0,0,0,0.9811426,3.2382708
15.61164815,0.324471636,4.4,0.75,0,0,0,3.25,0,0,0,0.25,0.75,4.415,0.7600002,0,0,0,3.2387972,0,0,0,0.23026854,0.7451697
19.79698694,0.0506031,5,0.5,0.25,0,0,0.75,0,0,0,1.25,2.25,4.99,0.5100002,0.25103486,0,0,0.7474147,0,0,0,1.2114102,2.226311
15.17531468,0.023516386,2.8,0.5,0,0,0,0,0,0,0,1.25,3.25,2.83,0.5199995,0,0,0,0,0,0,0,1.2314339,3.23827
19.87436514,0.09539575,3.8,0.5,0,0,0,0,0,0,0,2.5,2,3.785,0.5100002,0,0,0,0,0,0,0,2.4828897,1.9871204
14.15837393,0.346314472,4.8,0.75,0,0,0,3.5,0,0,0,0,0.75,4.78,0.7599993,0,0,0,3.4879353,0,0,0,0,0.73597074
12.07306686,0.030066954,2.8,0.75,0,0,0,0.25,0,0,0,0.75,3.25,2.795,0.77999973,0,0,0,0.26906976,0,0,0,0.78090966,3.2382708
10.15553604,0.132821863,2.2,0.5,0,0,0,2.75,0,0,0,0,1.75,2.19,0.5100002,0,0,0,2.7504864,0,0,0,0,1.7387308
12.81415753,0.002215627,2,0.5,0,0,0,0,0,0,0,2.25,2.25,2.28,0.52000046,0,0,0,0,0,0,0,2.262634,2.2355099
7.400677419,0.31713363,3.4,0.75,0.25,0,0,0.25,0,0,0,0,3.75,3.37,0.7599993,0.25103486,0,0,0.23917343,0,0,0,0,3.7350519
13.00854726,0.172730117,4.4,0.5,0,0,0,3.25,0,0,0,0,1.25,4.37,0.5100002,0,0,0,3.2587276,0,0,0,0,1.2419498
18.64111098,0.11184635,4.2,0.25,0,0,0,0,0,0,0,2.75,2,4.155,0.2699995,0,0,0,0,0,0,0,2.743193,1.9963202
13.04316958,0.101666721,4.2,0.75,0.25,0,0,0,0,0,0,0.25,3.75,4.15,0.7400007,0.25103486,0,0,0,0,0,0,0.21024476,3.7166512
14.39337461,0.07678255,4.4,0.5,0.25,0,0,0.75,0,0,0,0.25,3.25,4.325,0.5,0.25103486,0,0,0.7175184,0,0,0,0.24027947,3.2566698
19.18321523,0.0961946,4.2,1,0,0,0,1,0,0,0,1.25,1.75,4.28,1.0100002,0,0,0,0.97662145,0,0,0,1.2314329,1.7663294
20.4504378,0.036086858,4.8,0.75,0,0,0,0.75,0,0,0,1.5,2,4.865,0.7599993,0,0,0,0.7474147,0,0,0,1.4817252,2.0239189
11.92600438,0.518740495,3.8,0.75,0,0,0,3.75,0,0,0,0,0.5,3.76,0.75,0,0,0,3.7370737,0,0,0,0,0.4783804
13.50672942,0.367130215,4.8,0.75,0,0,0,3.5,0,0,0,0,0.75,4.805,0.7300005,0,0,0,3.507866,0,0,0,0,0.7267709
21.05067984,0.090802364,4.6,0.75,0,0,0,0.75,0,0,0,1.5,2,4.57,0.77999973,0,0,0,0.7274832,0,0,0,1.4917362,2.00552
16.42692015,0.060457483,4.6,1,0,0,0,0.5,0,0,0,1.5,2,4.735,1.0199995,0,0,0,0.50824225,0,0,0,1.4817252,1.9871204
17.9112941,0.08044014,4.6,0.75,0,0,0,0.75,0,0,0,1.25,2.25,4.615,0.7699995,0,0,0,0.7474147,0,0,0,1.2314339,2.2447097
14.44865523,0.0763603,3.2,1,0,0,0,2,0,0,0,0.5,1.5,3.18,1.0200005,0,0,0,1.9831401,0,0,0,0.54062927,1.4903402
13.43384606,0.306583107,4.6,0.5,0,0,0,3.5,0,0,0,0.25,0.75,4.555,0.5,0,0,0,3.4979,0,0,0,0.24027947,0.7451706
11.19250585,0.525450834,4.4,0.5,0,0,0,1.25,0,0,0,2,1.25,4.325,0.5,0,0,0,1.255657,0,0,0,1.972296,1.2511497
19.28022044,0.221819437,4.8,0.5,0,0,0,0.25,0,0,0,2.5,1.75,4.76,0.5199995,0,0,0,0.24913824,0,0,0,2.4929025,1.7387298
17.10725727,0.02319114,3.6,1,0,0,0,0.25,0,0,0,1.25,2.5,3.56,1.0100002,0,0,0,0.23917247,0,0,0,1.2214221,2.4931002
14.10092319,0.376391167,4.4,0.75,0,0,0,3.25,0,0,0,0.25,0.75,4.345,0.7699995,0,0,0,3.2487628,0,0,0,0.22025569,0.73597074
20.71544479,0.001924617,4.4,0.25,0,0,0,0,0,0,0,2.25,2.5,4.405,0.24000072,0,0,0,0,0,0,0,2.2526221,2.4931002
18.23564395,0,4.8,0.75,0,0,0,0,0,0,0,1.25,3,5.075,0.75,0,0,0,0,0,0,0,1.2314339,2.9898803
17.85042518,0.039464852,2.6,0.5,0,0,0,0,0,0,0,2.25,2.25,2.79,0.5,0,0,0,0,0,0,0,2.2225873,2.2447107
11.90535355,0.529964335,4.2,0.5,0,0,0,4,0,0,0,0,0.5,4.215,0.5199995,0,0,0,3.9961774,0,0,0,0,0.50597996
15.22065391,0.386587914,4.4,0.5,0,0,0,3.5,0,0,0,0.25,0.75,4.495,0.5100002,0,0,0,3.507866,0,0,0,0.24028042,0.7451697
19.00986931,0.207656971,3,0.5,0,0,0,0.5,0,0,0,2.25,1.75,2.94,0.5100002,0,0,0,0.49827647,0,0,0,2.2025635,1.7479297
19.80770316,0.206841003,4.2,0.75,0,0,0,0,0,0,0,2.5,1.75,4.125,0.77999973,0,0,0,0,0,0,0,2.4828906,1.7571295
18.87055445,0.06505087,4.6,1,0,0,0,0.5,0,0,0,1.25,2.25,4.49,1,0,0,0,0.48831072,0,0,0,1.2414448,2.2631094
19.55437295,0.065695656,4.8,1,0,0,0,0.5,0,0,0,1.25,2.25,4.895,1.0099993,0,0,0,0.48831168,0,0,0,1.2314329,2.2355108
19.64742343,0.022409409,4.8,1,0,0,0,0.5,0,0,0,1.5,2,4.765,1,0,0,0,0.47834495,0,0,0,1.4817252,1.9871204
11.68592568,0.250720681,2,0.75,0.25,0,0,3.25,0,0,0,0,0.75,1.96,0.8199997,0.2600006,0,0,3.2387972,0,0,0,0,0.73597074
20.68988291,0.189951036,4.4,0.75,0,0,0,0,0,0,0,2.5,1.75,4.38,0.77000046,0,0,0,0,0,0,0,2.4728787,1.7387308
14.17969826,0.539647536,5,0.75,0.5,0,0,3.25,0,0,0,0,0.5,4.925,0.7599993,0.4931048,0,0,3.2487628,0,0,0,0,0.5335786
20.46768184,0.031476354,5,0.75,0,0,0,0.5,0,0,0,1.5,2.25,5.025,0.7399998,0,0,0,0.49827647,0,0,0,1.4817252,2.226311
10.72633649,0.247257097,1.8,1.5,0,0.25,0,0.25,0,0,0,1.5,1.5,1.8,1.5,0,0.25645602,0,0.21924096,0,0,0,1.4917362,1.4903402
18.60921534,0.015944431,4.4,0.5,0,0,0,0.75,0,0,0,0.75,3,4.395,0.52999973,0,0,0,0.73744893,0,0,0,0.7208393,2.9990802
16.80470053,0.03068321,5,0.5,0.25,0,0,0.25,0,0,0,0.5,3.5,5.085,0.52999973,0.25103486,0,0,0.25910398,0,0,0,0.52060646,3.4774616
16.13938015,0.071356077,3,0.5,0,0,0,2.5,0,0,0,0.5,1.5,3.06,0.5100002,0,0,0,2.4814167,0,0,0,0.46053612,1.4903402
16.67854992,0.12717856,3.8,0.75,0,0,0,1,0,0,0,0.5,2.75,3.755,0.75,0,0,0,1.0065187,0,0,0,0.4505252,2.73229
19.52555456,0.249105864,5,2,0,0,0,1,0,0,0,0.75,1.25,4.97,2.0199995,0,0,0,1.0065187,0,0,0,0.7208393,1.2511497
